nep4 2 Re S 
cutoff 6 4 42 17
n_max 8 8
basis_size 12 12
l_max 4 2 0
ANN 50 0
 -1.2931315e+00
 -8.6517149e-01
  2.3677807e+00
  1.0551984e+00
  5.4094636e-01
  3.6790080e-02
  3.2412205e-02
 -2.9901943e+00
 -2.5462678e-01
 -2.6631722e-04
 -1.4650017e+00
  1.8672028e-01
 -7.1430375e-04
  6.6910815e-01
 -9.5474857e-01
 -6.5659195e-01
  7.7241683e-01
  7.5789297e-01
  7.9387534e-01
  3.3391261e-01
  3.7082109e-01
  2.3197612e-02
  2.0091602e-01
  9.8615307e-01
 -2.0522747e+00
 -5.6900597e-01
  5.4005188e-01
  4.7116791e-05
  1.4832242e-01
  4.7191873e-02
 -7.4973941e-02
 -3.0230042e-01
  4.2248846e-04
 -1.4627823e+00
  1.0814087e+00
 -1.8733992e-04
  1.2281776e-04
 -6.0941911e-01
 -1.0435331e-05
 -8.0252830e-03
  1.4723600e-01
 -1.4332370e-01
 -4.7095325e-02
 -9.9315536e-01
  5.3063133e-05
  5.1078310e-05
 -2.4233016e-01
 -3.0702338e-01
  3.8923968e-02
 -1.2721884e-01
 -3.7874245e-06
  1.9695237e-01
 -2.0499475e-01
 -6.4733589e-01
  1.1156693e-03
  3.3118973e-05
  1.6537664e-05
 -9.2307264e-06
  1.0240658e-04
  1.1259140e-04
 -5.9610803e-04
 -7.8454388e-05
  2.8212255e-04
  1.0830339e-04
  7.1426839e-05
  1.2186400e-05
 -2.0961768e-04
  6.3220519e-05
  1.9367535e-04
 -1.5126811e-06
  3.4696917e-05
 -1.1265052e-04
 -4.0008643e-05
 -1.8242339e-05
  9.2970884e-05
  2.1652517e-05
  1.6567091e-04
 -4.5682167e-04
 -3.7224570e-06
  1.0860775e-04
  1.1778995e-02
 -3.3134527e-06
 -7.5870499e-05
  6.4338128e-05
  1.9058181e-05
  1.7332239e-04
  1.4083735e-05
  1.8972911e-05
  2.0284659e-05
  3.2373355e-05
  2.9176733e-04
  4.9709986e-05
  1.4834676e-04
  6.6508299e-05
 -1.7896872e-06
 -2.4727447e-05
  1.1327115e-04
  1.1067024e-06
 -8.1222584e-05
 -2.0135789e-05
  1.8537299e-04
  1.6507167e-01
  1.3400700e-05
  7.5713426e-05
 -7.3362506e-05
  6.6570828e-05
 -3.1248364e-04
 -1.8172597e-05
  2.9283288e-01
  1.1739756e+00
 -5.5301625e-01
 -1.8819559e+00
 -1.2073730e+00
  1.0560169e+00
 -3.5432583e-01
  8.3353835e-01
  5.7169920e-01
  1.3557364e-01
  1.4324212e+00
 -5.1049104e+00
  7.1673512e-01
  9.3218781e-02
  1.9278628e-01
  9.0545475e-01
 -3.9706197e-01
  2.6222497e-01
 -1.6027902e+00
  1.0170813e+00
 -3.1695351e-01
 -4.7791570e-01
 -1.1022680e-02
 -1.7924128e+00
 -4.5082211e-02
  4.1501683e-01
 -6.2516563e-02
 -1.4705214e-04
  5.8506346e-01
 -2.8873796e+00
  1.5795023e+00
 -1.3926762e-01
 -3.2188061e-01
 -1.0807774e+00
 -5.2093953e-02
  6.8080299e-05
  1.4477288e+00
 -3.0075200e-03
 -1.1224581e-01
 -7.9601770e-05
  2.6490896e+00
  5.3329170e-01
  5.3847870e-03
  2.0398693e+00
 -2.3251579e-05
 -1.3652123e+00
 -4.3395489e-02
 -1.3546236e-01
 -9.7850847e-05
  9.9214715e-01
  6.4192206e-01
 -1.1070948e+00
  7.6430283e-02
 -1.8901910e-01
  6.9882415e-05
 -1.6647494e-04
 -1.1523462e-04
 -8.9977793e-06
  1.1368449e-01
 -2.2755294e-04
  1.6717485e-06
 -1.5168159e-05
  2.3291502e-04
  2.6363849e-05
  1.3449955e-04
  7.0618290e-07
  5.2901392e-05
  6.7789457e-05
 -8.7826320e-06
  1.0774000e-04
  1.6061638e-05
  1.7228069e-05
 -9.8923206e-02
  4.0699806e-02
 -5.0347327e-05
 -2.4158985e-04
  2.5924490e-04
 -1.8238725e-05
 -5.2440206e-05
  1.1246819e-04
  3.1358437e-04
 -6.6331137e-05
 -1.1879969e-05
 -1.2096291e-04
  4.6284018e-05
  1.0664258e-04
  1.0530541e-04
  2.7724169e-05
 -8.0746817e-05
 -1.8662757e-04
  1.1751911e-04
 -4.8094251e-05
 -6.9459260e-05
 -4.1414849e-05
 -2.2510474e-04
  3.9571623e-06
  2.8473118e-04
  7.3203300e-05
 -1.3867751e-04
  3.5624078e-05
  6.4682987e-05
 -8.4319712e-05
 -5.5602250e-05
 -2.6013788e-05
  3.9123825e-06
 -2.1987387e-04
  8.1636848e-05
 -5.1277556e-02
  1.9609402e-01
  2.1355219e+00
 -5.4560292e-01
  5.4353333e-01
  1.9176219e+00
 -1.9630732e-01
  3.6405165e-02
  5.4623014e-01
  2.3229800e-01
 -1.1666406e+00
  5.7935137e-01
  5.3942257e-01
 -3.6433046e-03
  3.3975595e-01
  5.9781271e-01
 -4.8846155e-01
  1.8912932e-03
  3.9544341e-01
  3.7219986e-01
 -4.4333869e-01
 -3.8013646e-01
  3.4485936e-01
 -2.9465439e-02
 -1.9464794e+00
  1.2228856e+00
 -9.1858673e-01
  2.7704021e-01
 -6.0666025e-02
  2.9908988e-01
 -1.2938230e-04
 -2.5271329e-01
 -3.1232941e-01
  8.7605298e-01
  8.9837402e-01
  7.0379406e-01
  9.5871568e-05
  7.3529045e-06
  3.7842598e-02
  9.3749285e-01
  4.5529512e-05
  2.0606518e+00
 -4.5213675e-01
 -6.5699846e-01
 -4.2995777e-02
  1.2937268e-04
  2.4186395e-01
  2.4140973e-02
 -1.1046285e-01
  1.7609522e-05
  2.9266136e-02
 -9.6688765e-01
 -6.5218306e-01
 -2.0981039e-01
 -1.1824851e-02
 -5.2809656e-01
 -3.5520738e-03
  8.3911858e-02
 -3.0562934e-01
 -2.5090501e-01
 -3.2845363e-01
 -2.0530214e+00
 -8.8560468e-01
 -8.9379442e-01
 -1.5312754e-01
  6.7230234e-05
  7.3734087e-01
 -3.4866908e-01
 -5.5431598e-01
 -5.1320451e-01
 -2.8214095e-02
  5.6418222e-01
 -1.9069548e+00
  6.5840900e-01
  3.3961546e-01
 -4.9039370e-01
  3.2228461e-01
  9.0504426e-01
  4.1560326e-02
 -3.7529686e-01
 -3.3540255e-01
 -1.7780340e-01
  1.1384919e+00
 -1.9480826e-01
 -5.0709325e-01
  7.4261689e-01
 -7.5549960e-01
 -6.6219246e-01
 -3.5100901e-01
 -5.0778434e-02
  4.7133958e-01
  1.9505557e+00
 -3.7823787e-01
  7.9998493e-01
  8.3828020e-01
 -9.5953435e-01
 -6.2518287e-04
  3.5451985e-06
  9.4034916e-01
  8.7527978e-01
  1.6649683e-01
 -1.1068340e-02
 -5.9358972e-01
 -1.2276573e-04
  3.8227765e-03
 -4.6871015e-01
 -1.0996097e+00
  3.4554683e-02
 -6.5255180e-02
 -6.4814674e-05
 -3.8179773e-05
 -8.3521963e-06
 -1.0025668e-04
  2.3297017e-04
  2.6785970e-06
 -4.4512195e-05
 -1.1655913e-04
  1.5175933e-05
 -1.0188430e-04
  3.1834297e-04
 -4.5511719e-05
 -1.6002341e-04
  3.9691869e-05
 -1.4201782e-04
  7.6034189e-06
 -4.7572968e-05
  4.7376172e-05
 -2.1865639e-05
 -8.6148990e-05
 -1.1893337e-04
 -1.1183324e-03
  2.9489331e-04
  1.5710084e-05
 -9.1037859e-05
 -5.6816523e-05
  3.9625655e-05
 -1.0164280e-04
 -1.5262112e-05
 -1.1814423e-04
  3.1472300e-05
 -8.6909917e-05
 -6.0095801e-05
  2.7408976e-05
  3.2149817e-04
 -2.1625358e-04
  2.6380845e-05
  1.7419262e-04
 -9.8411037e-06
  1.1621793e-05
  7.2320072e-05
  2.5754547e-04
 -1.1090802e-04
 -3.1755117e-05
  1.1665104e-04
 -2.3025979e-05
  1.1752609e-04
  1.4999737e-04
 -9.4187992e-05
 -1.9336854e-05
 -1.2460667e-05
 -3.9384006e-05
 -1.4500729e-04
 -5.0130725e-04
 -1.0320940e-06
  2.5731058e-05
  4.8938538e-05
  2.1998794e-05
 -1.5293460e-01
  4.7912017e-05
 -4.1343487e-04
  2.5708071e-04
 -1.0570045e-04
 -8.1354730e-05
  1.7155196e-05
  1.8522410e-04
 -1.2848395e-04
  8.4991660e-03
 -7.5201656e-06
 -7.4794116e-05
  2.0890708e-07
 -7.2579744e-05
 -1.3749740e-05
  6.8354122e-05
 -3.5612087e-05
  1.8749202e-05
  1.1161344e-05
  2.2291193e-05
 -1.1828177e-05
  5.1546871e-04
 -8.6330569e-05
  1.0975480e-04
 -6.4220723e-05
  1.5626134e-05
 -9.9391465e-05
  6.4943793e-05
  1.7380642e-05
  2.9469618e-05
  1.1998008e-04
  7.5428426e-05
 -9.7596945e-05
 -5.7396712e-05
  1.5954846e-01
 -1.2128620e-04
 -6.0386734e-05
  1.6845941e-05
 -1.2831067e-04
 -4.6347894e-02
 -4.0047965e-04
  3.2348704e-05
 -2.7757834e-04
  4.4959856e-05
  5.1895764e-05
  1.5260377e-05
  8.8116838e-05
 -5.0984538e-05
 -7.5773060e-05
  7.9160716e-05
 -2.3498857e-05
  2.2750275e-05
 -9.5322910e-05
  3.3844237e-05
  9.3829229e-05
  4.8710576e-06
  6.0250561e-05
 -1.2673055e-04
 -1.7979118e-04
 -2.5693141e-04
 -2.3980954e-05
 -2.8490153e-05
  2.2179360e-05
 -9.5058289e-07
 -3.6115071e-06
  1.1377947e-05
 -3.0225030e-05
  4.8938848e-04
 -2.8345257e-05
 -4.1540330e-05
  1.7003193e-04
 -3.6319798e-05
 -2.1504449e-04
 -6.4901737e-06
  1.9093894e-05
 -6.5760454e-05
 -9.3290180e-07
 -6.7742367e-06
 -1.9119560e-05
 -1.8709017e-05
  3.8050461e-05
 -1.8405792e-05
 -8.0089713e-04
  2.7994776e-05
  2.6379908e-05
  9.1830101e-05
 -2.4544172e-05
 -1.6718899e-05
  7.0510920e-05
 -8.6864493e-05
  1.3250822e-05
  1.0620086e-04
 -3.8039798e-05
  5.4360175e-06
 -1.0053278e-04
  1.6481230e-06
 -3.2236017e-05
 -4.5449648e-05
 -1.4201134e-04
  1.0802327e-05
 -1.2731786e-06
  3.9925002e-05
 -2.6241282e-04
  8.5689520e-05
 -7.1390087e-07
 -9.9288394e-05
 -2.4807687e-06
  1.0696469e-05
 -3.7402013e-05
  1.1894432e-04
 -1.2953207e-04
  6.1674058e-05
 -1.5690563e-04
 -5.0799645e-05
  3.1388772e-05
  4.4718185e-05
 -5.0080078e-05
  6.0359547e-05
 -3.8934577e-05
  7.8831426e-06
 -3.6366469e-05
  4.5939483e-05
 -5.0574086e-05
  3.0448349e-05
 -3.6465608e-05
 -2.6234233e-05
  6.2178983e-06
  1.0288858e-04
 -2.6871501e-05
  1.0753432e-04
  3.9625636e-05
  1.2965491e-03
 -6.4341904e-05
 -2.7468210e-05
 -2.0867906e-06
  1.5116899e-04
  2.1509897e-04
 -1.3837338e-04
  1.1760288e-04
  1.0414951e-04
 -2.8564248e-04
 -8.9323981e-07
  8.5474952e-05
  1.9390714e-04
  1.0017744e-04
 -8.1871316e-05
 -2.1085656e-05
  2.1702384e-05
  1.9691084e-05
 -5.0739351e-07
  2.7933088e-04
 -1.1127105e-04
  2.1108113e-05
  5.1844929e-04
 -5.3900880e-05
  3.7740087e-05
  1.1600797e-04
 -1.1242530e-05
  9.8564728e-05
 -9.0140929e-05
  3.8497743e-01
 -6.9628994e-05
 -1.9632074e-01
 -3.5753303e-05
 -1.2847799e-01
 -1.0537959e-05
  1.1893013e-04
 -9.4819938e-05
 -5.9093020e-07
 -2.8288749e-04
  1.6746735e-05
  2.3044506e-05
  2.9249315e-05
  2.3069560e-04
  7.2592396e-05
  4.7844442e-06
  1.0074008e-01
 -2.8446555e-01
 -2.3091815e-01
 -5.3633870e-05
 -1.6295213e-02
  1.6182173e-02
 -2.6233596e-04
  9.8831719e-05
 -2.5352034e-01
 -1.0275246e-05
 -7.9393631e-06
 -1.5368687e-05
 -1.9045887e-05
 -4.4982306e-05
  8.1598398e-04
 -7.6285214e-05
  2.1212338e-05
 -4.3742333e-05
 -4.9057468e-05
  1.9439991e-04
  1.0854841e-05
 -1.6561231e-05
 -5.1031504e-05
 -1.8578157e-05
 -1.6063956e-05
 -1.1515706e-04
 -5.4632865e-06
 -1.5942958e-04
  1.0718198e-04
 -1.3649372e-04
 -1.4324884e-05
 -5.8029396e-05
 -1.7698319e-04
 -1.7180304e-01
 -6.1056657e-05
 -2.5522208e-04
 -1.6357287e+00
 -4.1642385e-03
 -2.9884177e-01
 -1.4629713e-01
 -4.1030422e-01
 -2.2768104e-01
  2.8313646e-01
 -2.2041290e-03
  4.9121726e-01
 -1.0697608e-01
 -4.3854363e-02
 -4.0445648e-02
 -8.4870844e-04
  2.3196535e-05
 -2.4086234e-01
  7.9787046e-01
  8.7289405e-01
  1.4972145e-04
  6.1096966e-01
  2.9205278e-01
 -8.4382290e-01
 -6.5534160e-04
  1.3961174e-01
  3.6484674e-01
 -1.5302774e+00
  3.9087493e-02
 -1.3266040e+00
 -5.2773112e-01
  1.1046973e+00
  4.9545631e-01
  2.5118929e-05
  2.8199406e-02
  9.9294409e-02
 -4.5871001e-04
  9.0038156e-05
 -1.0135628e+00
 -2.5997302e-01
 -4.7404672e-05
  1.5974043e-01
 -3.0563695e-06
 -8.0253288e-02
  5.9778933e-05
 -7.1716396e-04
  1.8045933e-04
 -2.2628967e-02
  2.1226322e-05
  3.6196849e-01
 -7.2688651e-01
  3.0175397e-05
 -1.0469526e-01
  8.8334811e-05
 -1.1472063e+00
 -1.3032477e-04
  1.7109331e-01
 -2.9867753e-01
  4.9498001e-01
 -9.0775883e-01
 -1.7599155e+00
 -3.1296811e-01
  1.6648179e+00
  1.0851446e-03
 -3.2549348e+00
  5.5620813e-01
 -9.7118843e-01
 -1.2943565e+00
  6.5902129e-02
 -5.9992238e-04
  1.3111642e-04
  2.0230553e-01
 -9.6526176e-01
  3.0565287e-05
 -8.2848084e-01
  2.9055171e+00
  1.9981635e-01
  9.6181534e-02
 -2.9579325e-05
  1.0475311e+00
 -1.6380458e+00
 -2.3755243e+00
  1.5240340e-01
 -2.6754838e-01
 -7.5720161e-01
  2.9873407e-01
 -8.2168674e-01
  4.2827424e-02
  5.1995772e-03
  2.0554899e-01
 -4.7512986e-02
 -3.5708144e-05
 -2.3583080e-01
  8.3797611e-05
  7.6354313e-01
  1.0142441e-04
  3.6967626e-01
  1.1039486e+00
  9.4389825e-06
 -2.4111171e-01
  4.2751944e-03
  6.4422784e-05
  1.6274184e-01
 -4.4201097e-01
 -9.0977907e-02
 -3.3565007e-05
 -2.6937069e-02
  2.2231245e-03
 -6.2217015e-01
  1.2503914e-04
 -1.2931207e-04
  8.6180546e-05
 -5.3823802e-05
 -7.5685246e-05
 -1.3102652e-05
 -8.0425270e-06
  5.9519622e-05
  4.8977938e-05
  1.0379270e-04
 -1.3516670e-05
  9.5576273e-05
  2.8219301e-05
 -3.0114083e-05
 -3.6300120e-05
 -1.8047826e-05
 -1.3131542e-05
  1.0579631e-04
 -1.4502952e-04
 -1.6054414e-04
  5.6201912e-05
 -1.8772531e-04
  4.4068984e-06
 -8.7611916e-06
 -3.1738364e-05
  5.3283593e-06
  1.8990294e-04
 -1.7740436e-04
 -2.2884235e-05
 -7.3479445e-05
 -3.6562793e-05
  8.3785890e-05
 -1.9796037e-04
  2.3416662e-05
 -2.1210979e-05
 -9.5036370e-04
 -8.7219443e-05
 -6.6277491e-05
  5.2490566e-05
  1.1741096e-04
 -5.9694023e-05
  4.7301528e-05
 -3.0238254e-05
  7.2453848e-05
  2.3651139e-05
 -8.3201274e-05
 -3.4094774e-04
  1.2486512e-04
  7.6952765e-06
 -1.8986105e-04
  3.8891467e-05
  1.1236742e-05
  3.0866420e-05
  2.4960528e-04
  3.2188732e-06
 -1.0327669e-04
  2.6906472e-01
 -3.0709684e-01
 -5.6827396e-01
  3.9925855e-01
  1.1184525e-01
 -1.4848283e-01
  1.2142514e+00
  2.7631972e+00
 -3.1980481e+00
  5.5060018e-02
 -4.1776997e-01
  8.7179393e-03
 -7.0287329e-01
  8.2069033e-01
  1.4315321e-03
 -7.6140815e-01
  7.6221665e-03
  1.4199264e+00
  1.2920074e+00
  4.5701849e-01
 -2.0092328e-01
 -7.0722294e-01
  7.2095293e-01
  2.6758301e-01
  1.8433858e-01
 -3.2336599e-01
  9.9771363e-01
  1.2078360e+00
 -1.3679363e+00
 -4.9269933e-02
  1.2317318e+00
 -1.9809103e-02
 -6.3769348e-02
  1.3054241e-01
 -6.2662262e-01
 -6.4424509e-01
  1.4273767e-02
 -1.4185978e+00
  1.8907710e+00
  1.1395187e+00
 -1.3999913e+00
 -2.3348199e-01
 -1.5996168e-04
  6.0978746e-01
 -3.8883497e-03
  1.7327154e-01
 -3.0292109e-02
 -7.8901149e-02
  5.1401435e-06
 -1.2716247e-01
  3.1514028e-01
  5.7133090e-01
  3.6715154e-04
 -8.5585254e-01
 -1.0896131e-04
 -3.2816195e-05
 -8.4205167e-05
 -4.5014176e-01
 -5.9261751e-01
 -9.4513471e-06
  6.6740977e-05
 -1.1022637e-01
  3.3691784e-04
 -2.8797163e-05
 -2.9914014e-05
  1.2545906e-04
  1.0687624e-05
  3.7709040e-05
  4.2715395e-04
  3.5117606e-05
 -1.2877680e-04
  3.2562344e-05
  1.2848422e-01
  4.3362323e-02
 -1.0627110e-01
  1.1307620e-04
 -1.2176792e-05
  5.3351846e-02
 -8.3027798e-04
  2.0021430e-06
 -1.4761495e-04
 -1.4471721e-04
 -2.1195301e-04
 -5.1593274e-02
 -2.8511629e-05
 -1.9422176e-04
  5.6943716e-04
  2.8911543e-05
  1.8982546e-04
 -1.6766037e-04
  9.3177150e-06
  6.3034073e-05
 -3.1564859e-04
  1.8574567e-05
  1.0650493e-04
 -8.8137909e-05
  5.1512758e-05
 -4.9181281e-06
 -1.1730009e-04
 -9.0598356e-04
  4.6415378e-05
 -3.2284137e-05
 -9.8826451e-05
  3.7155583e-04
  1.6154463e-05
 -2.6008362e-01
 -1.0710991e-05
  5.8579673e-05
  1.0796061e-01
 -7.2849208e-01
 -6.4080554e-01
 -2.3513374e+00
 -1.7748816e-01
  2.1452711e+00
 -1.8577843e+00
 -2.4228060e+00
 -4.7216001e-01
  3.8407367e-01
  1.9090985e+00
  1.6795717e-01
  5.7674842e-03
 -1.4212393e+00
  6.0642821e-01
  6.6100919e-01
 -1.2786077e+00
  2.5132841e-01
  1.8545647e+00
  1.4933072e-01
 -5.7590359e-01
  2.9482445e-01
  1.3791267e+00
 -1.5261003e+00
 -1.1273198e+00
 -6.2842423e-01
 -1.6649035e+00
  7.2522409e-05
  8.9728552e-01
  2.6549199e-01
 -8.6963899e-02
 -4.8787689e-01
  2.4596038e+00
  4.0370899e-01
  2.8462061e-01
  2.9525626e-01
  2.6258409e-01
 -1.2680144e+00
 -1.8936343e-01
 -7.3430201e-05
 -1.3908263e+00
 -1.6646300e-05
  5.5564678e-01
 -1.6167133e-01
  1.4868077e-04
 -2.9344421e-02
 -5.1997341e-02
 -5.7326946e-05
 -2.9344133e-06
  4.0782496e-02
  1.3265280e+00
 -4.1815299e-01
 -1.9920845e-01
 -4.2372787e-01
 -1.0056892e-04
  1.7460431e-04
 -1.4356623e-04
 -1.8913405e-04
  8.9381196e-05
 -3.4020213e-05
  1.1423494e-04
 -2.7052674e-05
  9.9825002e-06
 -9.6452575e-05
  1.0487363e-04
  2.2524757e-05
 -8.9924115e-06
 -3.0453637e-04
  1.5991465e-04
  1.2547892e-02
  1.1013116e-05
 -4.2982902e-05
 -3.4919412e-05
 -7.6155429e-06
  3.2590999e-04
  8.8593588e-05
 -4.8184411e-06
  7.4396783e-05
  7.4377916e-05
  2.5217345e-05
 -5.1884371e-07
 -1.4370236e-04
 -5.3354837e-05
 -2.8058719e-05
 -8.3146930e-05
 -4.3481219e-04
 -3.2263377e-04
 -1.3583442e-04
 -1.3023018e-05
  6.1054954e-05
 -1.9746440e-05
 -3.3310596e-05
  3.8560927e-05
 -2.6864949e-05
 -7.3141397e-05
 -3.4886872e-04
 -1.2110463e-06
 -8.2404185e-05
  1.2439817e-06
  2.1508936e-04
  3.5821031e-05
  3.9977301e-04
 -3.1948992e-05
 -1.7694343e-04
  5.5664837e-05
 -9.5139503e-06
  1.1574764e-04
  1.8541881e-05
  6.2221705e-05
  3.8195718e-05
 -1.6610502e-01
 -6.9612637e-04
  3.6074616e-02
  1.5883974e-04
  1.0277876e-04
  9.7936922e-05
  3.2453245e-01
  1.5434514e-02
 -5.9900776e-04
 -1.8256309e+00
  2.2796246e-05
 -3.0851668e-05
  2.9867995e-04
  8.6815371e-06
  8.7548062e-05
 -1.0971926e-03
 -7.2986342e-02
 -1.9712206e-03
  2.0895885e-02
  1.7001815e-04
  3.0972347e-02
 -3.6346084e-03
  7.0656417e-04
 -6.4185396e-02
  2.6274389e-03
 -1.0734117e-05
  3.6348167e-05
  9.5569598e-04
  1.2969537e-04
 -5.2621141e-05
 -1.2068959e-03
  1.0715656e-05
 -3.5742294e-05
 -2.0630095e-04
  3.2365581e-03
 -4.3874312e-02
  3.1860688e-04
  2.1786620e-04
 -2.5389070e-02
  1.9935396e-04
 -3.3270797e-05
  1.8293553e-04
  9.7028504e-05
  1.0668405e-04
 -4.5731652e-04
 -1.8491408e-05
 -4.0615450e-05
 -1.2810896e-04
 -3.3003282e-05
  7.9001896e-02
  1.1193232e-04
 -3.5352554e-05
  2.7352342e-04
 -5.3463442e-05
 -1.6263650e-05
 -1.3513307e-04
 -3.0970262e-04
 -2.4704158e-04
  6.1806182e-05
  1.5583120e-05
 -4.5548681e-05
 -1.1991838e-04
  3.0906131e-06
  1.8311281e-05
  1.3589878e-04
  6.2541425e-05
 -6.6343768e-05
  1.7960893e-04
 -3.8022212e-05
 -4.4968997e-06
 -1.9267307e-05
 -2.2144472e-05
  2.6465026e-05
  1.4276874e-05
  3.6540761e-05
 -5.7413225e-05
 -4.5383153e-05
  1.3419102e-04
  7.6068791e-05
 -2.0873362e-05
  1.8516645e-05
  4.1498010e-05
 -1.3961179e-04
 -1.9918758e-05
  6.8925428e-06
  2.1358623e-04
  1.8717748e-06
  4.3899519e-05
  1.8808166e-04
  8.3615523e-05
  8.5365624e-05
  2.5480773e-04
  6.5278880e-05
 -1.0020872e-04
  7.7507566e-06
 -1.9719888e-05
  5.2538121e-06
 -4.1881856e-05
  2.7014539e-04
 -7.0614777e-05
  2.3703305e-04
 -4.8126305e-05
  1.4599877e-04
 -1.4134288e-04
  6.2182335e-06
 -5.7220695e-05
  6.9481589e-02
  4.2262566e-01
 -1.1156018e-01
 -9.9091502e-03
  1.2138893e-01
  8.6188275e-01
  8.9835787e-01
 -2.9329932e-01
 -5.7260126e-02
  5.8549452e-01
 -2.8886861e-01
  2.8273065e-02
  3.3442918e-03
  7.0023686e-01
  2.9247901e-01
 -3.6745474e-01
  3.3044657e-01
  1.9480704e-01
  3.7908345e-01
  1.3098135e-02
  2.9110013e-02
  3.6827531e-01
 -4.6031481e-01
 -2.1213181e-01
  1.8179289e-01
 -6.8047099e-02
 -5.0218123e-01
 -3.0962685e-01
  3.7455118e-01
  5.6535795e-02
 -3.1421770e-04
 -2.1585505e-01
 -2.8672749e-01
  5.2955151e-02
 -7.5031452e-02
 -9.3816174e-03
  8.7927955e-01
 -2.9433861e-01
  2.0589381e-01
  1.0451268e+00
 -3.0475304e-01
 -2.3516319e-03
 -9.1891676e-01
  1.0060555e-03
  2.4777666e-02
 -2.1538008e-02
  2.0464417e-01
  3.2738421e-02
 -5.6268658e-02
 -5.9779547e-02
  4.9460072e-02
  3.6824897e-02
  2.1419432e-03
  3.3922842e-01
 -5.0098279e-05
  3.0158524e-04
  1.6125271e-04
 -2.1729759e-04
  2.6345133e-05
  1.4234697e-04
 -8.4407322e-05
 -4.8788475e-05
 -2.1572695e-04
 -9.2094473e-05
 -1.8085851e-04
  4.6832702e-05
 -1.0787977e-04
 -2.4160878e-04
 -3.6154561e-05
  4.0548424e-05
 -5.1888685e-05
  1.2835790e-04
 -7.7093340e-05
 -4.2311851e-05
  1.0482283e-05
  1.5547637e-04
 -1.0689238e-04
  1.9962040e-06
 -4.6784902e-04
  2.1267952e-04
 -1.2393580e-05
 -2.5293570e-05
 -2.0411881e-04
 -4.8062058e-05
  3.6598445e-05
 -1.0681062e-04
 -1.7573129e-05
  5.1943418e-05
 -7.6593242e-05
  1.3886791e-04
  7.5515898e-05
 -1.1275319e-05
  1.2988493e-05
  7.0977935e-06
  3.3248132e-04
 -1.5011401e-05
 -9.5572468e-05
 -1.0951792e-04
 -1.4324237e-04
 -1.9283394e-05
  2.5554467e-05
  7.1348101e-02
  1.1324809e-04
  5.6658810e-05
 -1.4704223e-04
 -2.5059149e-05
 -5.5862898e-03
  2.3740152e-01
  3.0965496e-02
 -1.3586521e-02
  1.1964289e-05
 -4.8697084e-01
  6.1923452e-02
 -1.0261483e-04
  2.7694637e-03
 -9.5125439e-04
  1.4603315e-05
  3.4106171e-04
 -1.0223439e-05
 -1.4577166e-04
 -2.8969258e-05
  9.3529925e-05
  2.2133430e-04
 -2.0763951e-03
  1.0120738e-04
  3.1642810e-06
  1.9799893e-04
 -7.2437915e-04
 -1.1090235e-03
  6.5297427e-05
 -1.3235190e-04
 -2.5304252e-01
  4.5724571e-01
 -8.7653100e-02
  8.6564407e-02
  6.6286093e-06
  2.5489341e-04
  8.2597043e-03
  3.1516349e-03
 -4.0777591e-05
 -1.1099806e-03
  2.5662573e-04
  1.0500223e-06
  1.1638049e-04
  2.0596329e-02
 -5.3337263e-03
  1.1999251e-03
  2.2789666e-04
 -1.3209987e-01
  1.5468162e-05
 -2.2915548e-05
 -6.3529929e-05
  2.7894703e-04
  3.1094442e-04
 -1.4033149e-05
  4.5747071e-05
  2.5902898e-05
  8.1302387e-06
 -5.1974370e-05
  2.8180823e-01
  2.1574264e-04
 -9.0857611e-05
 -1.0520616e-04
  2.8730541e-05
 -9.5776522e-01
 -2.0072112e+00
 -1.1258906e+00
  4.5652654e-02
  1.4298648e-04
 -3.2937831e-01
  1.0243234e-04
 -5.1838864e-04
  2.8202221e-01
  7.4094452e-05
 -2.9831912e-05
 -1.0404591e-04
  8.4211759e-05
  8.6830507e-05
 -3.0328010e-05
 -1.1193351e-04
 -1.8221557e-01
  5.7691634e-02
  1.7460400e+00
  1.1317014e-05
  1.4677619e-04
  4.8646599e-01
  1.6368303e-01
  3.4641758e-02
 -2.7271634e-01
 -4.5508105e-02
 -1.1634996e-05
  4.9627927e-01
  9.4309159e-02
 -9.8120896e-03
  3.7327431e-05
  1.0726619e-04
 -3.3185781e-05
 -1.1423742e-03
  2.1653877e-06
 -1.5033907e-04
 -5.4192344e-05
 -4.5856665e-05
 -6.7266660e-06
 -5.4491789e-05
 -8.6954838e-05
  9.9170520e-06
  1.7449964e-05
 -2.5919238e-05
  1.8326709e-01
  1.3989466e-05
 -6.6629123e-05
  1.1706027e-01
 -5.0569862e-02
 -3.8070366e-02
 -1.1131957e-05
  7.1213895e-04
 -8.1840872e-06
  2.2316408e-06
  1.0469094e-05
  9.7258926e-05
 -3.7352031e-05
  3.1563260e-02
 -2.4367149e-04
  5.6852597e-05
  2.7656477e-05
 -9.1236889e-06
 -2.9059325e-05
  3.0152687e-05
  1.6553899e-04
 -3.8609520e-05
  1.0378222e-05
  7.2474040e-06
  4.1265579e-05
  3.4707089e-05
 -2.1738695e-05
  4.2961914e-05
  1.1429784e-05
 -8.0189173e-05
  6.6985092e-05
 -3.1787454e-04
  1.8008711e-04
  1.8304718e-05
 -1.5339649e-05
 -3.6410576e-05
  1.6497252e-05
 -5.4376746e-05
 -1.9273736e-07
 -1.3397786e-05
 -6.7468187e-05
  2.5790785e-05
  1.2045003e-05
 -6.2367035e-05
  1.4463173e-04
  9.1578528e-05
 -1.9508250e-05
 -1.9002333e-05
  2.1809215e-05
 -3.8721417e-05
 -1.0362781e-05
 -1.3941132e-05
  1.3123585e-04
  1.5199011e-04
  2.2104935e-04
 -1.1956269e-05
 -1.0645877e-05
 -4.9132454e-05
  6.4899825e-05
  4.4832919e-05
  1.0870257e-05
 -3.0448733e-05
  1.4225330e+00
  9.5191812e-03
  2.7386492e-02
 -2.5614026e-01
 -3.1254697e-01
  1.0958672e+00
  1.7500193e-01
 -9.8203522e-01
 -5.0682399e-02
  3.9450055e-01
 -5.3603402e-05
  1.7788197e-04
  1.9261861e-04
 -1.4481867e-03
  1.2399197e-04
 -1.2121629e-03
 -3.0700406e-01
 -1.0953585e+00
 -2.1123660e-01
  5.5042338e-01
  8.2901049e-01
 -7.7057028e-01
 -1.1370465e+00
 -1.4693540e-01
  7.0935732e-01
 -2.6974997e-01
  8.5779315e-01
 -8.3518255e-04
 -3.6537051e-04
 -7.6894201e-02
 -6.1497253e-01
 -2.9307443e-01
 -1.7620447e-01
 -1.4585470e+00
 -6.0134280e-01
 -1.1676838e-01
  3.5479307e-01
  3.7571375e-05
  1.5282029e-02
  1.7655668e-01
 -7.1577632e-01
  1.5436868e-04
 -2.2644496e-04
  8.2360435e-05
  1.1968098e-02
 -1.5585522e-01
  1.0747036e+00
  4.2140611e-02
  1.2160499e-04
 -6.6707167e-04
 -4.5668175e-03
 -5.9084442e-02
  2.9067287e-05
  2.3629129e-02
 -1.5262827e+00
  1.2710210e-04
  1.3488420e-02
 -1.2343302e+00
 -7.8626919e-01
 -5.9412986e-02
 -1.0103463e-04
  4.5102004e-02
  2.3056931e-04
 -1.2989611e-06
 -2.3457337e-04
 -1.0528178e-04
 -6.6856080e-04
 -3.6328314e-05
  3.7051101e-05
 -6.2038884e-02
 -5.3925382e-05
  6.5735856e-04
 -2.2822052e-01
  5.4890984e-01
 -3.4279851e-06
 -4.6629339e-05
  1.1520553e+00
  1.5102340e+00
  2.4555774e-02
 -9.8364921e-03
  8.1691039e-01
 -8.3022096e-06
 -7.6284222e-03
  7.5775890e-05
 -5.3526028e-03
  8.2589671e-05
 -2.2546612e-04
  2.2787154e-04
  1.5322647e-04
  7.9821548e-06
  1.5361776e-04
 -2.0568343e-03
 -1.0441263e-04
 -5.4572418e-05
 -1.3670759e-01
 -1.0739255e-05
 -1.9505936e-04
 -8.3540806e-05
  1.9570401e-04
 -1.4148080e-05
 -1.8364744e-02
  1.7864520e-04
  1.6482052e-05
  4.3669011e-04
  5.6819117e-05
 -5.1351166e-03
  1.6374723e-04
 -8.0380829e-05
 -1.2874441e-05
  8.8882261e-05
 -4.3368709e-05
  5.0281662e-05
  2.3694798e-04
  8.1465316e-08
  7.7087898e-05
  9.2873015e-05
  9.2203518e-05
 -9.1866532e-06
  1.2406078e-05
  3.7813245e-04
 -3.2893076e-05
 -1.1376821e-05
  1.4098900e-04
  1.6886213e-05
  9.8609569e-05
  3.0655199e-05
  1.3909307e-04
 -4.4683893e-05
  2.3263840e-04
  1.1722266e-04
  6.6290508e-05
 -3.9026047e-05
  2.5893321e-05
 -8.1872306e-05
 -5.0149309e-05
 -5.6274963e-05
 -3.5829165e-05
 -6.9845182e-06
  1.1761464e-04
  1.5069685e-06
  6.7561858e-05
 -7.0027709e-05
 -1.1400736e-04
 -2.1055808e-05
 -8.9195310e-06
  5.3322337e-06
  4.2739932e-05
  7.2113304e-05
  4.0510266e-05
  3.1236279e-05
 -1.9788256e-04
 -3.5828172e-04
 -1.0266333e-04
 -2.6383974e-05
  2.8163946e-05
 -3.2877640e-05
 -6.3619682e-06
 -2.7011709e-05
 -1.2628248e-05
 -1.4014283e-04
  5.3743908e-05
 -1.5760255e-04
 -4.2006207e-01
 -3.5625699e-01
  4.5643872e-01
 -4.6723211e-01
 -2.6432732e-01
  1.4630654e-01
  1.2631049e-04
 -1.5431223e-02
  1.3382349e+00
  3.2804304e-01
  2.0107853e+00
  6.7519265e-01
  7.7544801e-06
 -8.4048107e-02
  8.2624011e-02
  2.1630200e-02
 -4.0863382e-05
  1.9459432e-04
  1.3432764e-02
  1.2521985e-02
  8.9639550e-01
 -1.6666752e+00
  1.1227983e-01
  1.0133717e+00
  1.6901711e-01
  4.1072252e-01
  1.8994349e-01
 -5.0761318e-04
  4.8840210e-01
 -1.2481633e+00
 -5.9843116e-02
 -8.3345063e-02
  1.8726714e-02
  7.4513732e-06
  7.7726529e-04
 -5.6751394e-03
 -8.0566734e-02
 -8.0050326e-05
 -3.9353576e-02
 -2.9122508e-01
  1.0938842e+00
  1.1522292e-05
  5.1229773e-04
 -2.1465059e-01
 -3.5514990e-05
 -6.6176704e-03
  2.2963843e-04
  2.6765954e-01
  5.0140985e-05
  1.7192011e-04
  1.5443360e-02
  6.5170318e-01
 -4.7084913e-04
 -5.7383582e-02
 -2.4639708e-05
  3.4539240e-05
 -2.5611729e-05
  3.5697980e-05
  1.3721332e-05
 -4.0357369e-05
  1.8934466e-04
  1.1685514e-05
 -5.4304423e-05
  8.5148597e-05
 -2.6180664e-05
  2.3403375e-04
 -1.0704399e-05
  9.9222765e-05
  9.5346724e-05
  2.7398435e-05
 -2.2902765e-04
 -3.5366116e-05
  1.0280428e-05
  8.6744061e-05
 -5.6233850e-05
  2.9576285e-04
  1.1437405e-04
 -4.0874536e-05
  1.0862793e-04
  2.8772006e-04
  1.0776706e-05
 -3.4677178e-05
 -3.4474389e-05
  6.8929139e-06
  2.1953360e-04
  7.2824347e-05
  8.7771459e-06
  2.4609205e-06
  3.2879099e-05
  3.8819195e-05
 -9.3908355e-05
  4.1186836e-06
 -9.0701942e-05
  7.8021483e-05
 -3.8619011e-05
  5.3404892e-06
  8.4093605e-05
  6.3789252e-05
  1.4935524e-04
  2.1128524e-05
  4.9276539e-05
 -7.7123055e-05
  9.9371522e-05
  2.0606807e-05
  6.8082313e-06
  6.5305969e-05
  1.0240535e-04
  1.4165713e-05
 -1.6957845e-05
 -9.2992984e-04
  6.6667169e-05
 -1.2540109e-02
  7.9357487e-06
  7.4735653e-05
 -4.3645370e-05
  9.5396521e-05
  8.3734143e-05
  2.3974101e-04
 -3.4028044e-04
 -7.5121279e-05
  8.0042657e-05
  1.3248606e-04
  3.3338343e-05
 -1.8381847e-05
 -5.9597910e-06
 -1.6122068e-06
 -3.4409961e-05
 -2.8727759e-04
  2.4353106e-04
  5.8537330e-06
  5.0221383e-06
 -6.0481361e-06
 -1.8287345e-05
  3.2791591e-05
  6.1413669e-04
  1.4391699e-04
  3.2208736e-05
  6.4367021e-05
  2.5519164e-04
  6.0286027e-05
 -1.3150239e-05
 -5.4338405e-05
 -5.6452886e-06
 -5.5598033e-05
  1.2272667e-03
 -3.7338050e-05
 -1.1201862e-04
  2.1267439e-05
 -1.0999187e-04
  2.9842517e-05
 -2.6354651e-04
 -8.3922212e-05
  6.3335865e-05
  3.2337924e-05
 -1.8206587e-04
 -7.2564988e-05
 -1.0532897e-04
 -2.7175793e-05
 -1.1409039e-04
 -1.0746572e-04
 -8.7637025e-05
 -4.4641631e-05
  4.1250003e-04
  2.6378331e-05
  3.8401191e-05
 -7.8213116e-06
  9.3867922e-05
  1.2357559e-04
 -3.6468678e-05
 -1.2815483e-04
  2.6297745e-05
  2.5971202e-04
 -1.5208260e-04
 -1.3475631e-04
  3.6422448e-04
  3.4749510e-06
  1.3661044e-04
 -8.4347794e-06
 -5.4748805e-05
 -1.0872996e-04
 -3.7833890e-01
 -2.5347912e-01
 -6.4766596e-07
 -1.5672100e-05
  1.6329148e-04
 -1.1580018e-04
  1.2289878e-04
  2.3474889e-01
 -7.5412959e-02
  1.1363138e-04
  1.7859304e-04
  3.4625770e-04
  3.1136742e-04
 -4.6818670e-05
 -7.3030315e-05
 -1.9154210e-04
 -4.6417059e-04
 -1.5222888e-05
 -6.3083971e-05
 -8.7313247e-06
  1.5108945e-04
  4.9907641e-05
  1.5332995e-04
  4.3065735e-04
 -7.7378172e-05
 -1.7550752e-05
  1.7600098e-05
 -6.3373613e-05
 -2.5136507e-04
  1.7909348e-05
 -5.5616591e-05
  8.3620107e-05
 -4.9399208e-05
 -6.6504646e-05
 -1.0086830e-04
  8.0158075e-05
 -4.9863665e-05
 -1.5158505e-05
 -1.7341486e-05
  1.7044653e-05
  5.3066440e-05
 -2.2157519e-04
 -6.4139931e-05
  9.8339893e-05
  3.7185437e-05
  1.7738559e-04
 -2.3114176e-04
  4.7504102e-05
 -1.0847620e-04
 -1.3463041e-04
  6.1392282e-05
 -9.6663964e-05
  1.0706122e-05
  2.0247293e-04
 -3.9106730e-05
  4.3478954e-05
 -9.7608041e-05
  6.3096013e-05
  1.0053621e-04
  7.9770922e-05
  5.4221371e-05
 -1.6694347e-04
 -3.1026164e-05
  2.0911048e-05
  2.3107274e-04
  3.9856393e-05
  1.6879538e-05
 -5.2447203e-06
  2.8452414e-05
 -4.1153435e-05
  6.2000770e-05
  6.3935913e-05
  2.5867001e-04
 -1.1117261e-04
  5.8328667e-05
 -1.4233396e-05
 -3.7594131e-05
 -1.3569155e-04
  2.2089744e-06
  4.3142543e-05
 -1.0200516e-05
 -1.6097119e-04
  3.3245487e-05
  1.2414547e-04
  3.0350167e-05
  1.8294924e-05
 -5.5549946e-05
 -4.1409544e-04
  4.3759912e-05
 -5.5457174e-05
 -4.6081096e-02
  1.0916781e-01
 -3.4968624e-01
 -8.2148582e-01
 -2.3588462e-01
 -4.1282047e-02
  1.1811305e-01
 -3.3062649e-01
  1.1984380e-01
 -2.9673794e-01
 -2.6682235e-06
 -4.8519574e-05
 -1.5304152e-04
 -8.1682805e-07
 -4.3438558e-04
  1.8753205e-01
 -2.4986399e-05
  1.5279792e-04
  1.9498197e-04
  5.2031034e-01
 -6.0780193e-03
 -6.4487350e-01
 -3.3500421e-01
  3.5865802e-02
 -5.9591210e-01
 -1.3939801e-04
  2.7168691e-01
 -3.5610527e-05
  9.2364214e-02
  2.4471743e-05
 -1.4869162e-04
  2.0918051e-06
  1.0106318e-01
 -2.6445596e-02
 -5.6918769e-05
  5.6708206e-05
 -9.5396593e-02
 -1.0717928e-04
  8.7704400e-05
 -1.7065254e-07
  1.3493884e-03
 -2.2193621e-04
  4.0197356e-05
 -5.3037431e-05
 -1.7649541e-05
 -1.3179074e-04
  2.1134566e-04
 -3.9180217e-05
  1.5210304e-04
 -1.4084879e-04
 -7.0860180e-05
 -5.2175826e-01
 -5.6004938e-05
 -2.2488249e-02
  1.4401294e-04
  2.9166698e-05
  1.2589577e-01
 -2.1881072e-02
  2.3085342e-05
  1.3220360e-04
  1.0125092e-04
 -5.2136274e-06
  2.9444031e-05
  7.2295887e-07
  1.6067569e-04
  2.6151458e-05
 -7.9865073e-05
 -2.9162451e-04
 -4.6916841e-05
 -2.7637125e-05
  7.3758129e-06
  1.3046712e-05
  7.7748387e-05
  5.3438207e-04
  5.9696424e-05
 -1.5331706e-04
 -3.5837103e-04
  1.3852137e-04
 -1.4748502e-01
 -3.1084393e-05
 -1.4905748e-02
 -1.4886183e-04
  5.4403798e-05
 -3.1203145e-04
  2.9497389e-05
 -5.8200167e-05
  4.2940609e-04
  6.6798268e-05
  2.3173705e-04
  1.4033918e-04
  1.2153530e-04
  9.3987770e-04
  1.7705235e-05
 -2.8098794e-04
  3.3893867e-04
 -1.1801223e-04
  8.9681715e-05
  2.5653817e-05
 -1.1896392e-04
  3.0683351e-04
 -5.2970463e-05
 -1.9232411e-04
  1.6947952e-05
 -5.6555935e-05
 -4.4554661e-05
 -2.2747465e-03
 -5.5518707e-05
 -5.7173070e-06
 -8.8239494e-06
  1.1607434e-05
  1.1561748e-04
  1.6699525e-04
  2.6817663e-05
  3.3333123e-05
 -2.0197363e-04
 -2.1884740e-04
 -1.3256243e-04
 -2.7060646e-06
  8.8738772e-05
  1.0072028e-04
 -2.1755659e-05
 -2.3466247e-04
 -2.7375008e-04
 -1.0690732e-04
  6.3571846e-05
 -1.1004160e-04
 -2.5418460e-05
 -2.2110027e-04
 -9.3072253e-05
  2.6869191e-06
  2.9345070e-05
 -2.3623016e-04
  5.1146380e-05
 -3.4957080e-05
  9.9770186e-05
  2.4886471e-05
 -1.0129098e-04
  8.7252229e-05
 -1.8502210e-04
  4.0655766e-05
 -6.0588358e-05
 -5.8510879e-05
  2.1989074e-05
 -1.6225541e-04
 -1.1987406e-04
  8.7201988e-06
  3.9638249e-05
 -1.3047417e-04
  4.0854811e-05
 -8.5427317e-05
 -5.8605558e-05
  9.3333962e-05
 -1.3777723e-04
  2.0185530e-01
 -2.7104194e-05
 -2.4535137e-05
  2.1603868e-05
  2.5009727e-05
  1.8334889e-05
 -8.1373531e-05
 -3.5937472e-05
  3.0982267e-04
 -6.6661445e-04
 -3.0035377e-01
 -3.8256672e-01
  1.5167859e-01
 -3.1231007e-02
 -1.6217800e-05
  2.9377747e-01
 -3.2157966e-01
  4.1762626e-01
  2.2469555e-01
  2.1845937e-01
 -2.5461376e-01
 -6.1448377e-01
 -1.4030142e-04
  1.1798267e-03
 -1.4890582e-05
  6.8269473e-01
 -8.5607790e-05
  3.0014170e-03
  2.4017091e-01
  1.9703056e-01
  6.6309315e-01
 -4.3025225e-02
  3.3657927e-02
  5.9756076e-01
 -7.3090953e-01
  4.5387688e-01
  2.7248815e-01
  1.4905316e-02
  2.4310319e-01
 -2.5182297e-03
  8.1738733e-02
 -1.1040817e-02
  5.8001000e-01
  4.9038166e-01
  3.7422091e-02
  6.5399551e-01
 -1.3155295e-01
 -2.8435513e-02
  9.0331599e-02
 -2.3989946e-01
  5.5392138e-05
 -2.7056614e-01
 -1.3913856e-04
  3.9270994e-01
 -2.6889522e-02
 -7.8670599e-02
  1.8602578e-04
 -1.3345232e-02
  7.9019159e-02
  2.6739100e-02
  6.2298572e-01
 -3.5276324e-01
  6.2707337e-03
  4.5485181e-01
 -1.4166703e+00
 -6.8275481e-02
 -5.8586642e-02
  5.1543647e-01
  5.7390213e-01
  1.0549084e+00
 -2.5532556e-01
 -1.3931050e+00
 -6.0911077e-01
  5.8620548e-01
  8.8309067e-01
 -1.7224334e+00
 -1.0172591e+00
  6.3192546e-01
 -2.6717392e-01
  1.7085803e+00
 -7.3038137e-01
  1.0198456e-01
  5.4274615e-02
 -5.1306361e-01
 -2.7837864e-01
  1.2672410e+00
  2.1103778e-01
  1.2180018e-01
 -9.6148020e-01
 -1.4155678e-01
  1.5724782e+00
 -1.1542659e+00
  1.0511720e+00
 -5.7768509e-02
 -9.3613666e-01
  2.4522481e+00
 -1.3739427e+00
 -1.0095410e+00
  2.4657364e-01
 -2.7571089e+00
 -7.9671711e-02
 -1.5804805e+00
 -1.1463630e+00
  8.4165555e-01
 -2.3911910e-01
  6.1906475e-01
 -1.5378224e+00
 -4.6128255e-01
 -1.5562442e-03
  8.9992313e-03
 -2.5179565e-01
  1.0300310e-01
  6.1280632e-01
  8.5291398e-01
 -2.3852259e-01
  7.6126275e-03
  3.3532897e-01
 -3.4279944e-04
  1.0014166e-05
  5.5405990e-06
 -6.1191170e-04
  1.6711614e-04
  7.1214627e-06
 -1.3597001e-04
  3.6102472e-04
 -3.5709814e-05
  2.9467414e-05
  2.4281037e-05
 -1.2291940e-04
  2.3964734e-05
  4.3896155e-04
  1.3511532e-05
 -7.9022968e-05
  8.2906117e-05
 -1.6140117e-04
  1.0616193e-04
  5.8758123e-05
  4.7093996e-05
  3.0771822e-05
  2.6759021e-06
 -2.3391044e-06
 -3.1606247e-05
 -1.4672900e-05
 -1.0070559e-05
  3.7292932e-05
 -8.9267465e-05
 -1.4658859e-04
  5.2358708e-05
 -6.4173226e-05
  6.6659326e-05
  6.8634203e-05
 -7.8128192e-05
  5.7570374e-05
 -3.7308002e-04
 -1.1691474e-05
  3.7134891e-05
  9.2258188e-06
 -1.2019255e-04
 -1.6992681e-05
  9.0569978e-05
  1.1766818e-04
  4.9360908e-05
  2.1878545e-06
  2.8083665e-05
 -3.4746980e-05
  9.8697674e-05
  3.1487922e-05
 -8.9703572e-06
 -8.7621360e-05
  4.4065159e-06
 -2.9600120e-05
 -5.6931239e-02
 -1.9546732e-01
 -4.1407925e-01
 -4.9942079e-01
  1.2834021e-02
 -1.1269047e-03
  5.4970256e-05
 -1.2996420e-02
  3.5481569e-01
 -2.5077097e-03
 -2.4626537e-05
  3.0234514e-04
  4.7137282e-06
  4.5547855e-05
 -1.3510056e-04
 -2.4731424e-05
 -5.1283365e-05
  5.9537244e-05
  2.5234434e-01
  7.9542685e-01
 -1.4492017e-01
  6.6268767e-05
 -6.2004037e-02
  4.6259284e-04
 -3.3319564e-04
  2.6589018e-05
  7.0552093e-01
 -3.5565874e-05
 -7.9228203e-06
 -1.0308037e-01
 -8.2093634e-02
  1.4628033e-05
  1.0988692e-04
  2.9725716e-05
  2.5166315e-03
 -9.8572600e-05
 -3.5652085e-04
  4.9692905e-04
 -3.9596833e-02
 -3.2870163e-04
 -1.4960642e-04
  2.4802224e-05
  1.7746041e-05
  1.4229497e-05
  1.0501393e-05
 -1.2217370e-02
 -4.6731718e-03
  8.7547942e-06
 -2.7606031e-04
  1.5555590e-05
  6.5485417e-04
 -2.7294549e-01
 -8.0679150e-05
 -1.5283895e-04
 -3.2077942e-04
 -7.3370735e-05
  2.8246918e-01
  5.9779066e-01
  4.2675760e-01
 -2.2020904e-05
 -1.1394950e-04
  4.2631230e-01
 -1.2417105e-05
 -2.9402761e-08
  2.6014150e-04
  5.8933296e-05
 -5.6617642e-05
  4.3059383e-05
 -1.1139488e-04
 -2.2259665e-04
 -9.5329800e-05
 -4.0650368e-05
  8.4494703e-02
  6.4008135e-01
 -2.7212244e-01
 -3.5423055e-04
  5.3119998e-05
  6.1354402e-02
 -3.1691440e-03
 -8.2634666e-05
 -7.0793658e-02
 -1.3607687e-04
  5.7328991e-05
 -6.1574632e-05
  1.0079613e-04
  1.0331500e-04
  9.8695699e-04
 -5.1593612e-05
  5.0863524e-05
 -1.2061178e-04
 -7.9834164e-05
  1.4870387e-04
  1.0042812e-05
 -1.6125648e-04
  1.4953646e-04
 -1.9440924e-04
 -3.3283333e-05
  4.5980429e-05
  1.3206807e-04
 -5.9818622e-04
  1.8113980e-04
 -1.1315499e-04
 -8.3370287e-05
 -2.9127390e-05
 -4.0979201e-01
 -1.8780153e-04
  5.8714973e-06
 -5.6431527e-05
 -9.6304859e-05
 -6.1559476e-05
  1.7699854e-01
  2.0842584e-05
 -2.6902993e-05
  2.7627892e-05
  7.2193943e-05
 -3.7787322e-02
 -1.0025870e-04
  1.0528882e-05
  1.8958366e-06
 -8.3862928e-05
  4.4388307e-05
 -1.3456872e-05
 -1.3218731e-04
 -5.8268906e-05
  3.8040608e-07
 -3.9977836e-05
 -8.3452789e-05
  2.8914130e-01
  3.4635439e-05
 -5.8257673e-03
 -1.4186827e-02
  8.1671547e-05
 -5.6679511e-01
 -1.9028633e-04
 -1.4753046e-04
  1.2251668e-04
 -7.6864337e-05
 -2.6300431e-03
  3.8183882e-07
  4.6111014e-05
  3.0953734e-04
 -5.5037845e-06
 -1.6317597e-05
  1.5196377e-04
 -3.2530679e-05
  5.0333183e-05
 -6.0773924e-05
 -3.1610279e-04
  4.9435057e-05
 -6.5011249e-05
 -1.6759336e-01
 -1.0276136e-05
 -3.8644332e-05
  8.4798654e-07
 -2.4602920e-04
 -8.7337576e-05
 -6.6347668e-05
  3.4670063e-06
 -1.5776017e-04
 -1.0314437e-05
 -1.2066562e-04
 -2.8605231e-05
 -1.1926908e-01
 -8.1128776e-02
 -6.1453068e-01
  7.0088428e-01
  2.9420600e+00
  7.0246294e-02
  1.3814048e-01
 -9.0287149e-01
  9.0341168e-03
 -6.9542021e-01
 -7.4514186e-01
 -3.2175648e-01
 -1.6605861e-04
  1.2495515e-01
 -7.6173401e-01
 -3.5696816e-05
 -3.3532910e-05
  1.7596029e-01
  1.0381436e+00
 -6.5342188e-02
  1.9036603e-01
  1.4442249e-01
  6.3005555e-01
 -5.0942235e-02
 -1.3669138e-01
 -2.6195854e-01
  9.7184366e-01
 -1.1891320e-01
 -1.7870853e+00
 -2.3605977e-01
  1.0494096e+00
 -5.4625716e-02
 -3.4717476e-01
 -3.6462914e-02
 -1.6397802e-03
 -1.7437357e-01
 -3.6625394e-01
  2.8268647e-01
  1.5646654e+00
 -3.1523043e-05
 -1.0538331e-01
  1.8050046e-04
 -9.1620296e-07
 -6.8588226e-05
 -6.3380402e-01
 -5.0542361e-01
  1.3686012e-01
 -2.5928488e-01
  5.7411340e-05
  9.4708033e-02
 -6.0941100e-02
 -2.2726196e-01
  5.8826956e-04
  1.2778166e-02
 -4.3771148e-02
 -1.8481601e+00
 -1.5085531e+00
  1.0511736e+00
  1.2520274e+00
  2.3755400e+00
 -2.9154569e-02
  1.4006598e+00
  2.8672444e-03
  1.0308839e+00
 -1.1173773e-01
  2.0076412e-01
 -5.3492874e-01
  8.8481718e-01
  1.7303975e-01
 -2.0989846e-01
  6.0456383e-01
  1.7828466e-01
  2.1617248e+00
 -1.6108116e-02
  3.2177418e-01
 -2.4060080e+00
  5.5418807e-01
 -7.9179364e-01
 -1.9383088e-01
  1.3637028e-02
 -9.9089473e-01
  1.7508407e-03
 -5.2673894e-01
  1.4181256e+00
  2.9884018e-02
 -2.5094334e-05
 -1.3414952e-01
  2.5283673e-01
  9.0505971e-05
 -7.5643909e-01
  1.3905701e-06
 -7.0850366e-01
  3.4756133e-01
  4.5209455e-01
 -1.9733942e+00
 -2.8175362e-05
 -2.6031229e-01
 -1.5999658e-04
 -2.1844498e-05
  1.5559448e-04
  9.1347259e-01
  4.0337253e-01
 -2.3197927e-05
 -1.1501069e-01
  2.2913010e+00
  3.0091175e-01
 -5.6723802e-05
  9.5449865e-02
 -7.4867600e-01
  2.1178420e-01
  3.7106033e-02
  3.4420294e-01
 -3.4469778e-03
 -8.7278448e-02
 -6.7663118e-02
 -3.6482990e-01
 -2.9550659e-04
  4.1168671e-05
  3.5469681e-01
  7.3975860e-04
  7.6228440e-05
  4.8006143e-05
  9.6831855e-06
 -2.6212873e-02
 -1.4967757e-02
  3.8653394e-04
  8.8651687e-02
 -3.1304434e-01
 -2.9786950e-01
 -1.4355864e-02
 -1.4209852e-01
  8.6612031e-02
  5.0409180e-01
 -1.7267217e-04
  1.3326704e-04
 -1.4404970e-03
 -3.8852492e-01
 -1.2966925e+00
 -3.0439658e-04
 -1.3752603e-02
 -5.0661038e-04
 -3.4276291e-05
 -4.4105080e-05
  1.1664305e-04
  2.2495221e-04
  2.9804947e-05
 -2.5986074e-04
  4.3255914e-05
  7.3198694e-01
  6.7546491e-05
  3.0239495e-02
  8.5063220e-05
  2.1928094e-05
  6.0717914e-05
 -3.7251639e-01
  1.1646257e-01
  1.0993860e-04
 -4.1835847e-05
  8.8540553e-05
  5.5623347e-01
  2.4050609e-04
 -2.7312112e+00
 -1.5423617e-04
  1.0080104e-04
 -4.2955136e-05
  5.7535356e-01
  8.5428695e-04
 -3.3259803e-05
  9.6882235e-05
  3.4035496e-05
  1.2969064e-04
 -7.0799899e-05
  6.7792578e-05
 -3.7364225e-05
  1.9264065e-05
  1.3779869e-04
  6.3871212e-06
 -4.8855098e-05
  3.2581465e-05
  1.0018145e-04
  6.1267354e-05
  8.7754861e-06
 -3.5873712e-05
 -3.0478343e-04
  5.6105309e-05
 -1.1849020e-04
  4.3160577e-05
  8.2737807e-07
  6.7238077e-05
  9.2017871e-07
  8.2192546e-06
  9.0743044e-05
  3.9365281e-05
  1.2312729e-04
  2.0336494e-04
  5.9584345e-05
  9.6940294e-06
  7.7266786e-06
  1.5699334e-04
  6.4974643e-06
  4.8761165e-05
  2.2754377e-05
 -1.4302080e-05
 -2.3681230e-05
  3.5144672e-01
 -9.4610114e-06
 -9.9794866e-05
  9.9033088e-05
 -5.0231545e-05
  1.6429114e-05
  5.2306766e-04
 -5.9513273e-05
  1.5630412e-05
  1.0996769e-05
  3.1596861e-05
  5.7335729e-08
  4.1724255e-07
 -1.5849767e-04
 -3.9671264e-05
 -5.3069176e-05
  7.1835595e-05
 -9.6713040e-05
  1.3522331e-04
 -9.0230926e-05
  5.8274240e-05
  3.1193362e-05
  1.3198724e-04
 -9.0310332e-06
 -2.7094691e-05
  5.3354717e-05
 -1.1750999e-04
 -1.1412257e-04
 -1.4229413e-04
 -9.7497650e-05
  4.5550678e-05
 -1.8905615e-04
 -3.7057976e-06
 -1.5653967e-04
  1.9386559e-04
 -3.3867487e-05
  3.2682403e-04
  1.9155740e-04
 -2.2534250e-05
  2.5267367e-05
 -2.8169181e-05
 -9.7652934e-05
  1.1873014e-05
 -1.5729512e-06
  2.0236832e-04
  1.5253654e-05
  2.2046574e-05
  4.0206454e-05
  7.3179797e-07
  2.0899190e-05
  7.0040034e-05
  9.2213605e-07
 -3.2850922e-04
  2.0883985e-05
  1.8520528e-04
 -5.0814928e-05
 -2.2999730e-04
 -2.9376827e-04
  3.8332237e-05
 -1.6305112e-05
  3.2081847e-05
  1.5949413e-04
  1.7453487e-04
  4.4339966e-05
  3.6978279e-06
  8.5742897e-05
  3.7001517e-01
 -8.3258832e-03
  2.4733651e-01
  1.5241909e-01
 -1.2860928e-01
  7.3337622e-02
 -4.6746898e-02
  1.4470401e+00
 -3.2799980e-01
  1.3147255e-04
 -4.3168776e-02
  7.3096729e-05
  8.8737756e-03
 -1.2919762e-04
 -7.6414064e-02
  4.9262950e-01
  2.6216283e-05
  2.9646039e-01
  1.9165982e-02
  8.4773719e-01
 -4.5264233e-02
  1.7307357e-01
 -7.5684303e-01
 -3.9449807e-02
  7.7764851e-01
  6.3168579e-01
 -3.4542914e-02
 -3.8770284e-04
  6.6954931e-03
  6.8934574e-03
  1.4130573e-01
 -2.2549221e-04
  1.2227806e-02
 -8.6685576e-02
  8.8021552e-05
 -3.8694797e-04
 -2.0256524e-01
  8.4946549e-07
 -1.2869436e-01
 -1.4368041e-02
  7.7163488e-05
 -2.4903389e-05
  1.6650429e-04
 -4.0991089e-04
 -1.9381081e-01
 -6.9500259e-03
  9.5387214e-01
  3.4652607e-05
  1.7551929e-01
 -1.7717786e-05
 -3.7949091e-01
 -1.3909373e-01
  3.7699127e-05
  1.3433038e-01
 -1.6086959e+00
  8.8812150e-02
  8.5262322e-01
 -4.4072967e-02
 -3.6716288e-01
  1.3761880e-01
 -7.4294687e-05
  1.8536823e+00
  2.0564072e-01
  1.9880638e-03
  3.7078189e-06
 -5.2791234e-02
 -8.2712888e-04
 -9.3482638e-04
  4.5606989e-01
  4.4248861e-08
 -1.6014183e-01
 -1.0430431e-04
 -7.9133443e-04
  2.2471857e-01
  1.5941828e-02
 -6.0081887e-01
  9.0837073e-01
  1.3955967e+00
  9.4588384e-02
  1.2116681e-02
 -5.8981526e-01
 -9.4286092e-03
  2.3407122e-01
  4.5110217e-01
 -5.5802288e-05
  9.3750032e-06
 -1.1106391e-04
  3.7814028e-05
 -8.9084171e-02
  1.4529130e-01
  6.7267865e-01
 -3.8211137e-02
 -9.6116688e-05
  5.6365214e-02
 -1.6420655e-01
 -1.6610169e-04
 -1.7756045e-02
  1.7082978e-04
  7.1192753e-01
  6.2085070e-05
 -1.0485057e-03
 -2.4342566e-05
 -1.3105918e-01
  3.8697305e-01
 -4.9390947e-04
 -1.7826475e-01
 -1.2979365e-04
 -3.2216594e-01
  3.3729183e-04
 -2.0209911e-05
 -9.0977541e-05
  2.1277621e-04
  5.1253923e-05
 -6.3193773e-05
  1.3243077e-04
 -1.9330153e-04
  6.5106375e-05
 -9.7177224e-05
 -1.6164686e-05
  3.6012905e-05
 -1.4776478e-05
  2.2452443e-05
 -1.3662275e-04
  1.7579714e-05
  3.8983248e-04
 -6.9329784e-05
  9.5495314e-04
 -9.7798467e-05
  3.0701092e-05
  9.2766102e-05
  4.9529423e-05
  4.1707019e-05
  2.0715003e-04
  2.9365849e-05
 -6.5977256e-05
  7.5002413e-06
  5.5273893e-05
  6.4681873e-05
 -7.8555830e-05
  2.8862874e-04
  2.6353211e-05
 -1.9821759e-06
  2.4176561e-05
 -2.5318925e-05
  2.9960784e-05
 -9.8665178e-06
 -9.8921810e-05
  1.1801454e-04
 -1.0941352e-04
 -1.1731341e-06
 -3.3194017e-05
  1.0317590e-04
  1.0925384e-05
 -1.8867991e-05
 -3.7541173e-05
 -1.1952296e-04
 -1.8445591e-06
 -2.1210374e-06
  2.0098828e-06
  2.7587976e-05
 -1.1545029e-04
  4.6468631e-05
 -8.5340554e-01
 -1.1574882e-05
 -2.7589983e-01
  2.3317752e-05
  6.8393767e-01
 -6.3979167e-01
  2.3773839e-05
  5.5176501e-05
 -1.9193186e-04
  4.9268179e-05
 -1.6115846e-04
 -3.6928287e-01
  1.5963566e+00
  1.3695199e-05
 -9.4683242e-01
 -4.7066671e-05
 -3.9174518e-01
 -6.1349871e-05
  1.0597554e-05
  1.5634413e-04
 -2.7048096e-01
 -5.3461146e-05
 -8.1349412e-05
 -8.6347306e-01
  1.5097095e-05
  1.0646870e+00
  1.2760799e-01
 -1.2924132e-01
 -1.8482102e-01
  5.0731604e-05
  2.6954836e-05
 -3.3950313e-05
  9.9160179e-06
 -1.2304149e-01
  7.6313008e-06
 -2.4365187e-05
  2.3476465e+00
 -5.1686752e-01
  1.0943152e-04
 -2.7290398e-01
  1.1373601e-01
 -3.2620318e-04
 -1.0230830e+00
 -8.9494973e-01
  9.7687608e-01
 -1.3315213e-05
  1.4169180e-05
  4.0660489e-01
 -1.3873891e+00
 -4.4471395e-05
 -8.2092541e-01
  8.5737072e-02
  1.2912660e+00
  1.1689854e-01
 -7.7209067e-01
  1.1522239e+00
  2.4103962e-05
  2.5838681e-05
 -5.8549336e-05
 -1.5760226e-04
 -2.0805198e-01
 -3.7007815e-01
 -3.5835177e-01
 -7.1617927e-05
  8.4005749e-01
 -2.1324004e-01
  6.6997695e-01
  4.0275230e-05
  3.9928463e-01
 -5.3661930e-05
  1.2854639e+00
  2.9974175e-04
  4.2214882e-01
 -2.4785988e-01
  3.2831292e-04
  5.0645685e-01
  1.8649673e-01
 -4.8224889e-02
 -4.9334607e-01
  8.4539730e-05
  1.4123958e-01
  1.4548692e-01
  1.0368066e-05
 -3.7926668e-01
 -2.4390289e-01
  1.4605511e-04
  8.8348866e-01
 -1.1853551e+00
  1.6717294e-02
 -2.8947783e-01
 -2.6473621e-01
 -1.4052473e-01
 -6.9291556e-01
  4.8884109e-01
 -2.8733414e-01
  2.2462616e-03
  2.0395057e-02
 -3.9957610e-01
  5.7544702e-01
  3.0076029e-04
 -5.4189175e-01
  4.0386680e-01
 -8.0685538e-01
 -1.7374783e+00
 -5.6205785e-01
  1.2541841e-02
 -5.5542469e-01
 -4.1051364e-01
 -1.7237119e-01
 -4.0375471e-01
 -4.8614843e-04
  4.7474423e-06
 -9.3796560e-05
 -9.7909771e-02
  8.2589213e-06
 -2.4478777e-01
  1.4419828e-01
  5.0465758e-03
  3.1113446e-02
  7.9033695e-02
  5.8054382e-01
 -5.2047532e-02
 -9.5641584e-04
  1.2741102e-02
  3.3268067e-01
  1.3925602e-01
 -2.7156758e-01
 -1.4194621e+00
 -6.0374230e-02
  9.9094719e-02
  4.8870099e-01
  6.7445856e-01
  1.2754873e-02
  5.8053380e-01
 -1.9728345e-01
 -3.6387092e-01
  6.7496277e-02
  1.3463075e-01
 -3.0995781e-02
  1.7882321e-03
 -5.4360020e-01
  7.9180187e-05
 -1.8643633e-01
 -5.6164373e-02
 -1.1777157e-02
 -6.2086096e-05
 -3.1743300e-01
 -1.1340813e-05
  8.7555069e-05
  2.5432688e-01
  1.8593346e-05
 -6.8737620e-01
  2.6458514e-01
 -3.5472583e-02
 -6.0803133e-01
 -2.1349811e-06
  1.7576087e-04
 -2.2072974e-05
  1.8278441e-04
  5.5768705e-05
  4.1292894e-01
  2.6498461e-01
 -3.5219746e-05
 -1.0012746e-04
  9.8788121e-05
  1.0872693e-04
 -5.0733452e-05
  2.5857686e-05
  1.1633118e-07
  1.8814412e-06
  7.0449059e-05
 -1.1794885e-01
 -7.6608652e-05
  5.8003072e-05
  7.2344587e-06
  6.6107110e-05
 -6.2771651e-05
  3.3599761e-05
 -1.0270787e-01
 -7.3247356e-03
  1.3110833e-05
 -3.6736540e-04
  3.0837447e-05
  3.3268912e-04
  4.5335568e-05
 -2.0143575e-04
 -3.4869549e-06
  1.5800893e-01
 -1.5588739e-03
 -3.8789806e-01
  1.9656647e-04
 -1.8843621e-05
 -5.5458624e-04
  1.0663673e-05
 -4.8224372e-04
 -2.9606549e-06
 -2.1068275e-04
 -3.6379244e-04
 -8.0989863e-05
  2.9792462e-04
 -5.4452867e-05
  1.0765113e-05
 -2.0676380e-04
 -2.3910549e-02
 -4.3125037e-05
  2.7326173e-01
 -4.9699065e-06
 -4.7279696e-05
 -5.5582428e-01
 -1.9161189e-01
  3.0689105e-05
 -4.7880159e-05
  2.9192117e-04
  4.2481515e-05
 -2.5752900e-04
 -8.4111176e-02
 -5.0313611e-06
  2.4567400e-05
 -3.7048234e-05
  6.0375354e-05
 -1.7751398e-04
  2.1223843e-04
 -4.4492739e-05
 -1.4248563e-01
 -8.5020578e-04
  1.7129420e-05
 -2.9264510e-04
  1.9129805e-01
 -2.9497325e-05
  3.6842447e-02
 -5.9366069e-04
 -2.2536369e-02
 -1.1184835e-01
 -3.4257446e-03
 -1.2625619e-03
  5.0085164e-03
 -1.6077636e-05
 -2.1674859e-05
  2.5689951e-05
  5.3245127e-03
 -1.6272589e-04
  3.3657841e-02
  1.5499488e-04
  3.0954994e-04
 -2.1748977e-04
  6.2748681e-05
 -1.5674403e-05
 -1.7268736e-04
 -9.0652129e-06
  4.3613316e-05
  2.0561661e-04
  3.4300049e-04
 -8.0854035e-05
  1.9573814e-05
 -5.6499888e-05
  9.9572288e-05
  2.1306303e-05
 -3.8023674e-01
  8.1177233e-05
  2.3516769e-02
  4.9681006e-05
 -4.9870854e-05
  1.0672745e+00
 -2.0789529e-01
  8.4544885e-01
  1.1225509e-04
 -1.2541199e-01
 -1.5078930e+00
 -3.1273513e+00
  2.2271771e+00
  3.7080634e-01
 -2.6380998e-01
  1.0273740e-04
 -5.7334993e-05
 -5.3661421e-05
 -8.3980223e-05
 -1.0531777e-01
  5.8446819e-01
 -3.3717489e-01
  7.9301514e-02
 -1.1154948e+00
  3.4182540e-01
 -6.2657957e-04
 -9.4450925e-06
  6.6048807e-01
 -2.2326827e-04
  1.0734330e+00
 -6.2058210e-02
 -5.6562936e-01
 -1.0842101e-04
 -4.6010696e-06
 -1.6695747e-01
 -3.9022180e-01
  6.7283388e-04
  3.7919141e-05
  1.5805237e+00
 -8.9823145e-01
 -4.8387426e-01
  2.6775346e-04
 -5.2290856e-05
  5.4103642e-05
  1.0814020e-05
  4.2735730e-05
 -2.0965250e-02
  1.1491869e-01
  8.7615146e-05
  2.1954094e-05
  4.1903714e-03
 -1.7321417e-01
  1.9097408e-04
 -6.7432222e-05
  3.8380632e-01
  5.6115538e-04
 -9.5175102e-02
  7.0452809e-01
 -2.9277749e+00
 -1.5637898e-04
  5.6856439e-05
  2.1650038e-05
 -1.5785365e-04
  8.6370826e-05
 -2.4415867e-04
  3.6772410e-05
 -5.9962469e-05
 -6.5392101e-06
 -3.4370685e-06
  1.8375681e-04
 -3.8067315e-04
 -1.2371493e-05
  5.6736942e-05
  4.2259329e-05
 -1.2142078e-04
 -2.6561915e-05
  5.6081852e-05
  1.2701740e-04
  4.5776043e-05
 -9.0896086e-05
  1.4137149e-06
  1.6245820e-05
  1.9477231e-05
  7.9816979e-05
 -1.3293213e-05
 -5.5843742e-05
 -3.2274580e-05
 -3.4762917e-05
 -6.1839368e-05
 -4.5308998e-04
  2.3609807e-06
  1.9301675e-04
 -4.1771622e-05
  1.9644442e-05
 -1.2809831e-05
 -1.5025475e-04
  7.3968309e-05
 -6.9003431e-06
  1.8487541e-05
 -1.9875007e-04
 -3.6299309e-05
  3.4603369e-01
 -1.5820078e-04
  2.3707485e-06
 -1.7558523e-04
  1.3166191e-05
 -1.1520245e-05
 -1.7177472e-04
 -5.6484056e-05
 -1.8149526e-04
  1.0567428e-05
 -1.2876396e-04
 -4.0606210e-06
  1.7507106e-02
  1.0711494e-03
  2.7582858e-02
  1.1924496e-04
  9.0225029e-07
 -1.7052068e-01
 -2.7851051e-01
  1.9435312e-05
  4.8529408e-05
  1.5782531e-05
 -2.7121097e-04
  1.3284648e-06
 -8.4676236e-02
  2.4350367e-05
 -6.3788038e-06
  1.1226814e-01
 -2.8513598e-03
  2.7465701e-05
 -6.6396601e-02
  1.4323874e-04
 -4.3049833e-05
  4.4497938e-05
 -7.8810012e-04
 -2.2166679e-02
  1.0567982e-04
  6.4675778e-02
 -2.0529157e-03
  1.1020392e-02
 -1.6205802e-04
 -6.5346576e-02
 -2.7614398e-04
  3.1253744e-02
 -5.0274557e-03
  3.4027785e-02
  3.4258891e-02
  8.2603833e-03
  1.0320065e-04
 -7.4526214e-04
  8.5103944e-05
  1.6534286e-05
  3.1681604e-05
 -3.1336260e-04
  9.9027320e-06
  3.5860500e-04
  1.4511589e-06
 -5.6915906e-06
 -3.5235316e-05
  1.1335904e-04
 -9.4990946e-07
  3.4480021e-05
 -2.9591862e-05
  1.9163467e-01
  4.4964807e-05
 -1.5452766e-05
  4.3336056e-02
  3.9891866e-01
 -1.5301275e+00
  1.7694518e-01
  1.8223134e+00
 -1.1035992e+00
  1.9669518e+00
  2.6635358e-01
 -8.1887561e-01
 -1.7565066e-01
 -1.1718094e-02
 -1.0177318e-05
  7.5035018e-01
 -1.8733209e-01
  2.9750881e-01
  1.7188288e+00
  1.1957378e+00
 -2.4457230e-01
 -1.2644577e-01
  8.8444822e-02
  7.7412671e-01
 -1.4229952e-01
 -2.3228952e-01
  5.0071341e-01
  6.5577412e-01
  1.0064212e-01
 -1.9761868e-01
  1.3256673e+00
 -3.2802841e-01
  1.9620471e-01
  4.6888566e-01
  4.6689564e-01
  3.0006384e-02
 -1.1361278e+00
 -9.6783262e-01
  3.7344368e+00
 -6.4172878e-06
  9.4292492e-01
 -4.9637390e-05
  5.8915830e-01
  1.2097603e+00
  4.4699147e-01
 -3.1340903e-01
  1.4540009e+00
  2.3642392e-01
 -6.5204406e-01
  5.1443255e-01
 -8.3208255e-02
 -3.0807022e-04
 -4.3972775e-01
  2.7589090e-04
 -2.2882819e-01
  1.4243282e-01
  2.9964146e-01
 -3.7027385e-02
 -9.3399202e-03
 -1.9376064e-05
 -8.2206343e-06
  2.6582158e-04
  2.9027524e-05
 -1.7233734e-01
  1.3073006e-01
  3.4769133e-01
 -6.9289254e-06
 -5.8030251e-05
  4.3072163e-05
 -1.0334648e-04
 -7.6956530e-06
  2.5438085e-05
  2.2337245e-04
  3.7513848e-06
  2.6669661e-03
  1.1434971e-02
  2.3256210e-04
  5.3999543e-06
  6.6132983e-05
  2.4782342e-03
 -4.0987950e-05
  2.2297009e-04
 -5.9973368e-06
 -2.8020072e-01
 -1.6672822e-05
  3.6761008e-05
  3.8517835e-05
 -9.1873888e-05
  2.1057387e-03
  5.3963933e-05
 -2.4587213e-04
  1.9999472e-06
  2.6743406e-02
  1.1199106e-04
  3.4865846e-07
  1.3770890e-06
  6.2474181e-05
 -1.9554185e-05
 -9.9408055e-08
  4.8491933e-05
  1.2613609e-04
  1.2244064e-04
  9.2831324e-04
  9.9197736e-05
  1.6978662e-05
 -3.4703899e-04
  2.3478753e-04
 -5.0148847e-06
 -1.2713990e+00
 -1.9993627e-04
  2.5491052e-05
  8.9854868e-05
  1.1909532e-04
 -5.2350671e-05
 -1.0444393e-04
  5.5783261e-05
 -1.3557883e-05
 -1.3247582e-04
 -6.2959160e-05
  5.8457274e-05
  6.0887247e-05
 -3.1879143e-05
 -9.6890733e-05
 -1.0734864e-05
  4.6568282e-05
  5.9116965e-06
  2.4207219e-04
  1.0642068e-04
  2.2300279e-05
  4.4941560e-05
  1.7554345e-05
 -3.5418409e-06
 -7.0303809e-05
  3.5928196e-04
 -6.4423759e-05
 -1.6192136e-05
  2.5193024e-04
  5.6698580e-05
 -1.9087980e-05
  1.4304879e-06
  6.9830807e-05
  7.2572607e-07
 -1.8665334e-05
 -1.2716172e-04
  6.6407752e-05
 -4.1547522e-05
  1.5397562e-04
  1.7025961e-05
 -1.3701658e-04
  1.1220555e-05
  6.0443986e-06
  1.4109396e-04
  2.1175050e-05
  8.1715232e-05
 -5.0405273e-05
  8.7214838e-05
 -1.0267351e-04
 -1.4708057e-05
  6.5902954e-05
  4.7935373e-05
  5.9288181e-05
  6.0333990e-05
 -1.7567600e-04
  2.6711141e-05
 -3.8498320e-07
  2.6952171e-01
 -3.1250384e+00
 -2.2298083e+00
  1.7373027e+00
  5.6921947e-04
 -1.2398301e+00
  6.7219180e-01
 -4.1878447e-01
  3.3772755e-01
  5.2379537e-01
  2.2770181e-01
  9.5111454e-06
  4.0237896e-02
  4.5725375e-02
  5.1237146e-07
 -6.4967138e-01
 -3.3395834e-05
 -6.9138277e-01
 -5.1711422e-01
  3.0794957e-01
  7.0760623e-05
 -1.6068345e-01
 -1.3027179e-01
 -5.7136651e-02
  1.4273896e+00
 -2.4173497e-01
  5.3827053e-01
 -7.4506184e-04
  5.9610022e-05
  2.6937757e-02
 -3.5700846e-01
  5.9252208e-01
  3.7750649e-01
  2.1394224e+00
  4.7726557e-04
  2.1845923e-01
  1.0209628e-05
 -4.0239134e-05
 -3.5928722e-06
  2.9129744e-01
  2.5454703e-01
  1.5473114e-04
  2.7706378e-04
 -5.9609151e-01
 -7.6936699e-02
  7.9541564e-01
  1.0666579e-04
 -1.6090136e-04
  2.7305394e-04
 -1.2240785e-01
  1.1549270e-03
  2.0732877e+00
  1.1063724e+00
  1.5281507e+00
 -2.7955863e-07
  1.0441426e-01
  3.1781074e-05
  8.5621075e-05
  5.5261129e-03
  4.0658422e-05
  1.9328083e-05
  2.3390952e-05
  7.7770812e-05
 -8.9190631e-05
  2.5186704e-05
 -6.9743968e-05
  1.5019944e-04
 -1.6417145e-05
  2.8481521e-05
  5.7594560e-05
  5.8630944e-06
  7.2507555e-06
 -4.5840556e-05
 -7.5287309e-05
  3.7361973e-05
  4.2612683e-06
  7.8425237e-06
  6.6263397e-05
 -3.8491737e-05
 -8.2125342e-05
  5.6387489e-05
 -1.8082411e-04
  3.6374283e-06
  4.5266836e-05
 -5.7937596e-05
  2.3470787e-04
 -8.4927153e-05
 -4.7184709e-05
 -5.3138315e-06
  1.3040805e-05
 -1.2636428e-04
  1.2462772e-04
 -9.6650328e-05
 -6.1074786e-02
 -6.5701010e-06
 -5.5682208e-06
  1.0541990e-04
  3.0745121e-04
  3.4935763e-07
  1.9987729e-06
 -7.9484007e-06
  1.2098262e-04
 -3.6793597e-06
  5.7825240e-05
  1.6005639e-05
  4.5409699e-05
 -6.0000013e-05
  2.9045474e-05
  8.3997053e-01
 -3.6499807e-01
  3.6378160e-02
  9.6954935e-04
 -1.2793629e-04
  5.2706939e-01
  6.9214129e-01
 -5.3543288e-01
 -1.2881970e+00
 -1.3824479e-05
  1.2115799e-05
  9.8502260e-06
 -2.2179256e-04
 -1.9977645e-04
 -1.9039189e-05
 -1.3685651e-01
 -1.4064888e+00
 -1.4281783e+00
  1.7333642e-02
 -1.0861075e-04
 -4.7105282e-06
  4.5197976e-05
 -4.9394287e-02
 -1.6851554e-02
 -5.4381919e-01
 -3.8510472e-01
 -5.4615116e-01
 -5.5823075e-05
  9.7734708e-05
  1.1122335e-04
  3.0420690e-06
 -6.0706487e-05
  4.1038966e-05
 -1.0521363e+00
  1.2389783e-02
  4.8848870e-01
  4.7231744e-05
  5.8390498e-05
 -1.9880010e-04
  1.6060170e-04
 -7.6777193e-05
 -5.9457849e-05
 -1.0291832e-06
  3.6480113e-05
  1.3833743e-04
  2.5463913e-02
 -5.1648254e-05
  1.2061972e-04
  3.8851238e-05
 -6.0390303e-06
 -7.5600816e-05
  7.5279884e-02
  1.4031012e-01
  6.7800842e-02
 -1.6086381e-04
  2.8766071e-05
  3.8442355e-05
  1.0533955e-04
 -4.7834328e-05
  5.8462105e-05
  2.2554909e-06
 -4.7221541e-04
  1.6273652e-05
 -1.1984013e-04
  3.0090319e-04
 -4.9473510e-05
  1.2286167e-05
  3.2745458e-05
  1.2255697e-04
  8.4061394e-05
  3.1476302e-04
 -8.6326203e-05
 -7.5655730e-06
 -3.9213980e-04
  1.2894996e-03
  1.1183427e-01
  3.8755086e-05
 -3.5035449e-05
 -2.5707060e-01
 -6.8069407e-04
 -3.6766069e-04
 -2.5017580e-05
 -1.0014340e-05
  1.9376479e-05
  9.5481564e-06
 -4.8342390e-05
  2.3279867e-04
 -9.4071976e-05
 -1.4885064e-04
 -1.7322187e-01
  7.5398515e-05
  2.5785756e-03
  8.3379628e-06
  1.3939301e-04
 -1.7730610e-05
 -2.7632352e-04
  2.8419099e-05
 -3.0983258e-05
 -2.5100577e-05
  1.1100332e-01
 -7.3914722e-05
 -1.5364880e-04
  1.2831765e-04
 -9.6907665e-05
  1.8352415e-05
  1.7211134e-04
  2.0575822e-04
  1.7960252e-05
 -1.2933008e-02
  7.6830637e-01
  2.0976473e-01
 -9.0412314e-06
 -1.0731622e-02
 -8.9028716e-04
 -9.7293429e-02
 -5.1829640e-02
  4.3494105e-01
  1.7748484e-02
 -3.5320722e-05
 -1.4418070e-04
 -1.5575562e-01
 -1.9405827e-04
 -1.7556358e-05
  1.6332687e-01
 -6.2055921e-04
  3.4326713e-03
 -4.6440758e-02
 -6.5482065e-02
 -8.3637255e-04
  4.8257336e-03
 -1.3635230e-01
 -1.4665626e-01
 -1.3466258e-01
  1.0081448e-01
  5.7727081e-04
  7.6313903e-05
 -4.0069237e-05
 -2.3885211e-02
 -9.6103038e-05
  2.4432320e-05
 -1.7172052e-03
  1.0299373e-01
  1.2797652e-01
  4.7722968e-01
  2.9716734e-04
 -5.6540015e-05
 -5.7198413e-06
  2.7768121e-05
 -8.2650768e-05
 -8.9920926e-05
  1.3518947e-01
  3.9912239e-02
  6.4187169e-02
  4.7499738e-03
  2.3912023e-04
  4.8844660e-05
  2.0831991e-04
 -2.2959676e-01
 -3.5501306e-04
 -3.6664186e-03
 -1.5327826e-03
  4.4386616e-05
  1.7361514e-01
  1.9391730e-01
  9.8310947e-01
  1.8136492e-02
 -7.3734477e-02
 -1.6647630e+00
  1.5163443e+00
 -4.7161496e-01
  1.3782044e-01
  7.0933439e-02
 -3.8831642e-01
  2.2802880e-04
 -5.5475447e-02
  8.4070277e-01
 -2.7488692e-02
  9.5993286e-01
  1.4350359e-01
  1.0900397e+00
  5.6466937e-02
 -4.5007151e-02
  1.2631917e-05
 -3.0032796e-01
  1.2094215e+00
 -9.5431572e-01
  1.8667842e-01
  9.3177177e-02
  1.3925065e-01
 -1.2535322e-01
  1.2627766e-01
 -1.6811322e-01
 -9.7968456e-05
 -7.6344132e-01
 -2.2503319e-04
  1.6766165e-01
 -1.4556552e-01
  8.0037922e-01
 -5.1694166e-02
  6.5625389e-04
  4.9808947e-05
 -5.1251169e-05
 -8.8721194e-05
 -9.3322662e-05
  5.1154417e-04
  2.2718048e-02
  2.2203261e-01
  1.0323532e-01
  1.4171978e-03
  6.6663750e-04
  2.8510634e-05
 -6.2536396e-04
  3.7437460e-01
  4.5658556e-01
  5.2294469e-01
  1.5912867e-01
 -4.1607418e+00
  3.7876136e+00
 -2.9057604e-01
  2.2893618e-03
  1.6814522e+00
  1.8576367e+00
  1.3841669e-01
  2.1840734e+00
  2.2338784e+00
 -1.0184826e-05
 -1.3525416e-01
 -1.7909861e-05
  2.7766364e-02
  1.6310292e-01
  1.7789219e-04
  5.1425449e-03
 -1.0444974e-01
  9.8953405e-03
  2.6487529e-01
  3.6361822e-01
  4.9116727e-05
  9.2013484e-05
  1.1568072e-01
 -1.0889912e-04
  7.3144227e-01
 -1.0188883e-01
  3.4926699e-05
  6.9560623e-04
 -2.5135363e-05
 -2.3177145e-05
  1.1038013e-01
  5.2054906e-03
  9.4128176e-05
 -1.0538338e-01
  1.1345601e-01
  4.2625442e-01
 -4.4609472e-04
 -1.8217605e-04
  2.8734613e-04
 -4.7783402e-04
 -2.7129089e-04
 -1.0832124e-05
 -7.5703323e-02
  8.9450344e-02
  2.8878229e-03
 -5.0674833e-04
  2.0262343e-01
 -9.9115823e-05
  7.7438622e-04
  1.5279065e-01
 -3.9487786e-05
 -9.9032247e-01
  5.9442059e-03
  6.6616580e-02
 -2.5386302e+00
  1.3948347e-01
  8.7247008e-01
 -6.8488449e-01
  2.2812445e+00
 -1.3632029e+00
  2.6928976e-02
 -4.7010133e-01
 -1.4399540e+00
  7.7745652e-01
  1.8455680e-01
  1.3902751e-01
  7.0002815e-03
  4.9445447e-01
 -3.4030151e-04
  7.5083953e-01
 -1.7415662e-01
 -6.6326308e-01
 -1.2930264e-01
  3.2226780e-01
  2.8262292e-03
 -1.2203484e-01
 -1.2062644e+00
  7.6354176e-01
 -2.9410356e-01
  9.4058357e-02
 -7.8368582e-02
  8.6755373e-02
 -2.4395790e-02
 -1.6555841e-01
  8.1161859e-05
  5.8098429e-01
 -1.9123234e-04
  5.9835356e-01
  5.3747785e-01
 -3.1724066e-01
  6.8839968e-06
 -4.4432682e-01
  3.9546995e-04
 -5.4995911e-05
  2.3940462e-03
 -8.4545631e-03
 -7.6305920e-01
  9.9059272e-01
  7.6573662e-05
  2.0747231e-02
 -6.7501628e-01
  1.7564747e-04
  1.1546934e-01
  2.3284983e-02
  1.0840180e-01
 -5.4586428e-01
  1.8607799e-02
  2.6781303e-01
 -7.3201663e-05
 -1.5966155e-04
  1.1769485e-04
 -3.4958165e-04
  1.4187989e-04
  4.0529476e-04
 -7.1793038e-05
 -4.6487039e-05
  7.5640000e-06
 -7.4090596e-05
  6.9932146e-05
  1.1674296e-04
 -2.1933636e-06
  2.1486074e-05
  6.2988925e-05
  9.2533883e-05
 -1.5242833e-04
 -1.3808746e-05
 -2.1238297e-05
  3.2140160e-06
 -8.4041058e-05
 -1.2192604e-04
 -2.3458724e-06
  8.1449562e-06
  1.9483677e-04
 -1.6875044e-04
 -2.5366838e-04
 -7.4201766e-06
 -2.6221291e-04
  3.8986735e-05
  1.5659709e-04
 -1.2189868e-04
 -2.0619475e-04
  3.9676481e-05
 -4.2705127e-05
 -9.4540512e-05
  1.4877173e-05
  2.2205748e-04
 -2.0982578e-05
  3.3877634e-05
 -4.4644723e-05
  7.7528330e-06
  1.3236138e-04
 -1.5478436e-04
 -2.1244129e-04
  2.3070428e-05
 -5.3424454e-05
 -2.9424459e-04
  7.8977027e-06
 -2.1978034e-04
  2.0422609e-04
  2.8145735e-04
  5.3279353e-05
  4.4577177e-05
 -1.5465702e+00
  2.0587044e+00
  1.2340707e+00
  5.1139181e-05
  5.5960798e-01
  2.6505148e-01
 -2.3171584e-01
  2.6776171e+00
 -3.1152670e+00
  5.8335572e-02
 -3.2947045e-02
 -4.7824063e-04
  1.5573516e-04
 -5.8371639e-01
  1.8700198e-04
  1.0828947e+00
  6.7835003e-01
  5.2904147e-01
 -1.5708753e-01
  1.8085942e-03
  1.1393666e-06
 -9.8273344e-02
  1.4045435e-01
  6.6964349e-05
 -6.8193060e-01
  9.4545943e-01
  5.5256951e-01
  1.0021377e-04
 -2.8651655e-01
 -1.2602466e-04
  1.4051047e-01
 -1.3122948e+00
  5.9887399e-05
 -1.8081336e+00
  7.7330041e-01
 -8.2637303e-02
 -6.9576636e-05
  3.3063046e-05
 -4.2339056e-05
 -1.2459594e-05
 -1.7748459e-01
 -1.6421851e-05
  2.2726440e-01
 -1.2342326e-04
  2.1264436e-02
 -5.3740948e-01
 -2.5920805e-01
 -1.9529492e-05
  4.2028696e-06
  5.8775264e-01
  4.0845111e-06
  5.2295800e-02
 -8.7729871e-02
 -3.2151315e-01
 -7.4109266e-04
 -2.5787205e-03
 -3.0782930e-06
 -7.1664384e-05
 -9.4798161e-05
  2.5585208e-02
  5.2566617e-03
 -4.1673479e-06
 -6.8913199e-05
  1.7531960e-04
  6.3466679e-05
  1.9547934e-04
  9.1817215e-05
 -2.0445914e-04
  1.0794654e-04
 -4.3047860e-04
 -9.7530268e-05
 -1.9957534e-04
  8.7731743e-05
 -1.7743041e-06
  2.5062929e-05
 -2.5249759e-04
 -2.4679728e-04
  1.8796611e-04
  5.3021558e-02
 -5.2016031e-02
 -2.5052908e-05
 -1.1031121e-03
 -1.0009501e-05
  1.3616629e-04
  1.5278696e-04
 -7.3917057e-05
  5.3033141e-06
 -1.0477505e-02
 -1.4372034e-02
 -5.4857854e-02
 -9.7940785e-05
  3.4319013e-04
  3.1451294e-05
 -5.0004528e-05
  9.2930910e-05
  4.4403004e-04
 -8.7296670e-05
 -4.2114565e-03
  2.9613157e-05
  1.4065285e-05
 -3.9351278e-05
 -1.0911484e-05
 -1.6739763e-05
 -3.7662983e-05
  1.1815750e-04
  2.0385720e-05
  2.0945907e-05
 -3.6858011e-05
  1.2967869e+00
 -1.4970388e+00
 -9.2780846e-01
  1.7607702e-01
  1.6218530e-01
  2.5049353e-01
 -1.1104940e+00
 -1.2803530e+00
  9.6949047e-01
 -3.7009874e-01
  9.5556628e-05
 -1.5287600e-05
 -1.3722500e-04
  1.4166965e-04
  1.0574665e-04
 -2.6306009e-01
  1.2704534e-04
 -1.5136766e+00
  7.5591296e-02
  9.9515007e-04
  5.5250701e-05
  1.0379775e-04
  9.9388176e-01
  1.2966540e-01
  1.2799057e+00
  1.4287888e-04
 -3.8204880e-03
 -3.9315728e-05
 -3.8857910e-05
  9.4530587e-05
  6.9057583e-05
  3.0052420e-01
 -8.4131585e-05
 -8.6138183e-01
 -8.3019239e-01
  5.2461005e-04
 -4.0800533e-05
 -1.0305068e-04
  4.2319392e-05
 -1.2482749e-04
  9.9968547e-06
 -6.2668565e-05
 -1.3700520e-02
 -1.8600615e-02
 -3.8214368e-03
  2.1845043e-01
 -2.0743322e-05
  9.7315733e-06
 -4.7920918e-04
  1.1791406e-01
 -7.2127790e-05
 -8.6748880e-01
 -1.5091260e-02
  3.0750281e-05
  1.5672663e-01
  3.3740258e-01
  1.5971719e-01
  4.6583815e-03
 -6.0532889e-06
  8.1779741e-02
 -6.5903825e-01
  1.7300397e-01
  2.6811126e-01
  8.0785505e-02
  1.5809797e-05
 -3.0423143e-05
 -5.7522129e-02
 -8.1501871e-02
 -8.2881317e-02
  4.7378652e-04
 -9.7728625e-02
  1.7567261e-01
 -1.4298208e-01
 -3.1361219e-01
 -6.0019182e-05
 -1.3538374e-01
  3.2342696e-01
 -5.2671041e-04
  5.7475613e-03
 -7.3013234e-01
 -6.0155275e-03
 -1.6433857e-01
 -1.8475361e-02
 -3.8429460e-01
 -1.9820523e-01
  3.8893297e-02
 -2.0095577e-02
 -3.8259093e-02
 -2.2997123e-01
  1.3589159e-01
  7.5923344e-06
 -6.7364862e-03
  3.2531933e-04
 -8.9821097e-04
 -3.7988521e-02
 -5.1842906e-02
  4.1544168e-05
  1.8052909e-01
  6.1825197e-02
  1.4370850e-04
  2.1513633e-04
  6.5995677e-04
 -1.0467588e-05
  3.8364895e-02
 -1.2351749e-04
 -2.2523822e-01
  1.6635238e-05
  1.9587678e-01
 -5.7639030e-05
 -1.0582405e-05
 -2.0875721e-05
 -9.1211695e-07
  1.1511936e-04
  1.1472122e-04
  2.2985285e-05
 -1.4585590e-04
 -8.4010833e-05
 -1.4366410e-04
 -6.7827372e-05
 -5.5641769e-05
  1.3841882e-05
  8.8076386e-06
 -9.8618053e-05
 -4.3235350e-06
  7.8318939e-05
  2.4835466e-05
  4.7130077e-04
 -1.0834369e-05
 -2.7452275e-05
  7.0055634e-05
  5.3772608e-05
  2.4720270e-04
 -9.4209456e-05
  1.6706301e-05
  1.4506919e-04
  2.2680781e-05
  6.7636473e-05
  2.2026846e-04
 -1.3558854e-05
 -4.6657926e-05
  3.2185981e-05
  3.9367369e-05
  2.8158847e-05
  3.3845150e-05
  9.4435227e-06
 -9.8769648e-05
  1.1440778e-04
 -5.2106618e-05
  6.3840366e-06
  1.2664389e-04
 -8.3725087e-07
 -1.8401390e-04
  5.4515745e-05
 -1.1667612e-05
  5.9223948e-05
  3.4094999e-05
  2.0458065e-05
  5.2151889e-05
  2.4697119e-05
 -7.8941957e-05
  5.3789918e-05
 -3.3368560e-04
 -2.7483783e-03
 -2.2506507e-05
  7.9309611e-05
 -2.7074389e-05
 -9.5971824e-05
 -5.3919266e-05
 -3.4372730e-05
  9.4910662e-05
  9.4172785e-05
  1.5771266e-05
  6.1409897e-05
 -9.4589386e-06
  4.9110344e-07
 -3.4162707e-07
 -2.4729130e-05
 -1.5445397e-04
 -2.7746551e-05
 -3.7017391e-05
  3.4588182e-05
 -5.4724842e-06
 -3.3504006e-05
  3.2586837e-04
  5.0477975e-05
  6.6202061e-05
 -2.2328504e-05
  2.4780602e-05
  4.6065405e-05
 -2.1060003e-05
  9.6093740e-05
 -8.7109707e-05
 -4.9723218e-05
  1.3011568e-05
 -1.8040257e-04
 -3.5923153e-05
  2.6124713e-05
 -5.1171079e-05
  1.2132359e-04
 -1.8160729e-04
  2.6344356e-05
 -6.8660825e-06
  8.3009298e-05
  2.6220040e-04
  9.5595142e-06
  4.0474468e-05
 -1.0624859e-04
  6.7880879e-05
 -3.4855111e-05
 -4.2453769e-04
 -3.4642806e-05
  1.0575738e-04
  1.5856205e-05
  4.7217611e-05
  3.1889751e-04
  1.2947447e-04
 -1.0998538e+00
  1.4516952e+00
 -6.0379855e-02
 -8.1264275e-01
 -2.8182549e-05
  4.3855911e-01
 -3.6560837e-02
 -3.3981201e-01
  1.1551534e-01
  1.6647582e-01
 -6.3777959e-05
  1.0717072e-01
 -2.4846688e-06
  2.0298833e-01
 -2.6858437e-01
  1.6822025e+00
  6.3063896e-01
 -7.7097559e-01
 -8.3063519e-01
 -2.0835927e-04
  1.0908988e-01
 -2.2333285e-05
  3.7977469e-01
 -2.8679825e-04
  1.3236663e+00
 -2.2664005e-01
  4.2286766e-01
  4.2015731e-01
 -3.5107095e-02
 -3.8298930e-04
  2.1109455e-04
 -1.1715844e+00
 -7.3080661e-04
 -4.1773888e-01
 -1.8237866e-01
 -2.0546925e+00
 -5.9526163e-05
 -1.6913197e-06
 -9.6497053e-05
 -4.4995533e-05
 -7.0647358e-05
 -3.0301358e-05
  4.8532021e-01
  5.5151975e-01
 -3.5133929e-05
 -1.7938058e-01
  5.1116788e-01
 -4.5599663e-06
 -1.5299443e-04
 -4.9452418e-03
  1.8885907e-05
  4.7491461e-01
  1.3583513e-04
 -8.9851441e-05
  8.5959829e-02
 -6.1105257e-01
 -3.3244805e+00
 -1.8346835e-02
 -5.1648647e-01
 -4.2111322e-02
 -8.3416575e-01
  3.0526617e-01
 -3.9469190e-02
  3.4972355e-01
  1.0071942e-02
  4.4531643e-01
  6.6269293e-02
  4.8449183e-01
  1.6790798e-05
  8.0413717e-01
 -2.7214956e-01
  2.8109950e-01
 -1.6909961e-01
  1.9060044e-02
  1.0474495e-01
 -7.4987127e-03
  6.5291727e-01
 -8.0148958e-02
 -1.0401013e-01
 -3.5380939e-01
  2.6690125e-01
  8.1396587e-02
 -2.1407939e-01
 -1.3789542e-04
 -6.1722309e-04
 -1.5474921e-01
 -2.1083090e-01
 -1.2125471e+00
 -7.5270772e-01
 -5.0527036e-01
 -6.0322982e-01
 -5.2688782e-05
  1.1456889e-04
 -5.4529100e-05
  7.3166615e-01
 -1.3049730e-04
 -8.2734078e-01
  1.4396482e+00
  8.7455988e-01
 -2.8331032e-02
  3.7173111e-02
  3.9849855e-04
  5.1142811e-03
  1.9114032e-01
  1.8966888e-04
  9.2832917e-01
  2.5718743e-01
 -2.8749371e-03
 -2.1244531e+00
  2.1972151e+00
 -1.6918304e-04
  4.8402902e-01
  6.3745415e-01
 -1.1257315e+00
 -5.0989079e-01
  1.2883625e+00
 -3.2422849e-04
  2.7872459e-04
  1.5296350e-04
 -7.9562736e-04
 -7.3768635e-04
 -1.0436074e-02
 -7.6160436e-06
  6.7940176e-02
  2.9320333e-03
  8.4197229e-01
 -2.7106619e-02
  3.9538063e-02
 -1.9243476e-03
 -6.7732945e-02
 -6.0160834e-01
  4.3974065e-05
  1.0266265e+00
  4.7666684e-01
 -6.6818394e-02
  4.5568593e-02
 -6.1969370e-01
 -2.7790126e-01
 -6.0131896e-02
  3.2594958e-01
 -3.7690454e-05
 -9.0989357e-01
 -3.2189643e-04
 -3.1569225e-01
  1.0208154e-02
 -1.4266433e-04
  7.1390033e-02
 -2.6469184e-05
 -7.1858653e-05
 -2.7103224e-04
  1.9219995e-02
  2.6569488e-02
  2.9067164e-02
  1.5982727e-03
 -7.4994111e-01
 -1.7064737e-04
 -5.6777400e-05
  1.5208411e-01
  1.3552580e-04
  9.1676337e-01
  5.3922854e-02
  9.2417037e-04
 -6.5415166e-02
 -1.2782707e-02
  1.9439658e-05
  1.8728340e-05
 -1.5676448e-04
  2.1693229e-05
 -6.2422860e-01
  3.0391716e-04
 -2.6359314e-05
 -1.8093024e-05
  8.8288371e-06
  5.2395094e-06
  6.8180670e-05
 -5.0811264e-05
 -8.1428087e-05
  1.7576833e-04
 -8.8591405e-05
  1.8273077e-04
 -1.5902238e-02
  2.0886119e-04
  5.2778196e-06
 -7.1569673e-05
 -8.2469062e-04
 -5.0330002e-02
  1.3753807e-04
  1.9160202e-02
  1.2240401e-03
  3.1694035e-05
 -4.4263041e-05
 -1.5147113e-04
  3.4910045e-05
 -3.6267695e-05
  7.7317036e-06
  3.1860534e-03
 -1.8242054e-05
  2.0905811e-04
 -8.1824219e-05
 -2.7952177e-04
  1.0180438e-04
 -1.2559423e-04
  9.2502851e-06
 -6.7916611e-05
  7.5278141e-02
  5.7914676e-05
 -3.6265075e-05
  1.0534079e-04
 -1.2610147e-04
  9.1572590e-05
 -2.1924299e-05
 -8.8863408e-06
  5.7140333e-05
  5.9265816e-01
  3.8727791e-05
  3.4932393e-05
 -3.3736262e-01
  7.4225910e-02
  1.7066796e-04
 -1.2297081e-05
  2.0676189e-05
 -1.0832475e-04
 -2.2870697e-01
  1.4260128e-04
  2.6330301e-05
  2.7359731e-04
  2.1314281e-05
 -6.7076100e-05
 -1.0048699e-04
  1.2040572e-02
  3.8457161e-05
  1.8365124e-06
 -1.4920416e-04
 -4.2700322e-05
 -4.5023866e-02
  1.1022472e-03
 -2.9467599e-04
  4.7938572e-03
 -9.6334785e-04
 -4.5644498e-04
 -7.8243144e-02
  2.0837905e-03
  1.1865799e-04
  7.5558969e-03
  2.8630739e-04
 -8.8140753e-04
 -4.5656960e-04
  1.7892967e-01
 -1.3864900e-05
  5.1521242e-02
  1.4047006e-02
  3.9507091e-04
  5.0473118e-05
 -4.6892281e-04
  4.9481790e-05
 -5.2904506e-05
 -2.3320375e-04
  7.4284094e-07
  9.9730951e-06
  4.5738652e-02
  7.7371027e-05
 -2.9631712e-05
 -5.3361733e-04
  5.5896904e-05
  3.8175861e-04
  7.8646728e-05
 -2.0916011e-06
  1.0194282e-02
 -1.3997310e-04
  9.7671531e-05
  3.6994806e-01
 -1.1157402e+00
 -3.4572447e-03
 -7.3226583e-05
  3.0888748e-04
  2.6996467e-01
  1.0632733e-01
  1.4790668e-01
 -2.9163588e-02
 -8.1195605e-05
 -1.6735628e-04
 -1.5361443e-06
  3.3103951e-04
 -2.3432418e-04
  4.4112192e-05
  9.0492293e-05
  8.7555468e-02
 -1.1539333e-01
  8.4982326e-05
 -1.4234259e-03
  2.8336063e-04
  1.1561420e-05
  2.0078149e-02
  5.3863502e-03
 -4.5820388e-01
 -1.8745276e-01
 -4.8240566e-01
  6.5571505e-05
  8.0346566e-05
 -1.2156003e-05
  2.5029795e-04
  6.3812964e-05
  4.1777358e-04
  6.6550612e-02
 -4.8644750e-05
 -2.8293007e-06
  1.3656752e-05
  1.4273793e-04
 -2.0824920e-04
  4.0052040e-05
  2.9233684e-05
  3.2405960e-04
 -5.1647803e-05
  1.9599331e-05
 -2.4998360e-04
 -3.1991024e-03
 -3.8374459e-05
 -4.5214705e-07
  8.6983491e-05
 -1.9264324e-03
  6.9492700e-05
  6.5967715e-01
  4.5978804e-03
 -6.9350615e-05
 -9.2763327e-02
 -1.9104720e+00
  4.1376599e-03
 -3.6429438e-01
  3.3195567e-01
 -1.7449600e+00
  1.4484675e+00
 -3.3471193e+00
 -1.1811467e+00
  2.8941983e-01
 -1.1833412e-02
 -2.4509747e-03
  3.4439938e-05
 -3.5555971e-01
  7.7690335e-04
 -1.0184224e+00
 -6.5277690e-01
 -8.4418797e-01
  7.4891359e-01
 -1.2294764e-02
 -1.9289441e-01
 -1.1823924e-01
  3.5143280e-01
 -8.9485511e-02
 -8.2303637e-01
  5.8578394e-02
  5.2822042e-01
 -3.8796860e-01
 -9.0568453e-02
 -1.3233410e-02
  5.5218979e-06
 -5.0753736e-01
  4.9879669e-05
 -7.9694039e-01
 -1.4244354e-01
  1.1516284e+00
 -8.0969882e-01
  5.3301328e-01
  2.8702265e-01
 -4.0337974e-05
  7.1922565e-01
  5.7923829e-05
 -4.1172227e-01
  1.0006077e+00
  7.4980849e-01
 -1.6204928e-01
  2.2003144e-01
 -1.4858438e-04
  3.1278723e-05
  8.3474807e-02
  1.1496057e-05
  6.8387464e-02
 -1.5640097e-05
 -2.6523232e-01
  4.3185722e-05
 -7.3484545e-05
 -3.0566571e-05
 -3.2783032e-06
 -1.5323979e-04
 -4.1849731e-04
  2.0318745e-05
  1.9756187e-04
  4.9603917e-05
 -5.6390531e-05
 -1.6337137e-04
  4.9931673e-06
  5.8228150e-05
  3.1005020e-06
 -4.9593007e-05
 -4.8238094e-06
 -2.4092999e-05
 -2.1335795e-06
  1.0429101e-05
  1.8622597e-04
 -1.2073752e-05
 -5.6695240e-05
 -1.2301590e-04
  1.7361139e-05
 -2.6325262e-04
  8.6288535e-05
 -2.8704659e-05
  1.5807003e-04
 -2.6946915e-05
  9.4877782e-05
  5.5803317e-05
  9.7741642e-05
 -7.9680485e-06
 -8.3331317e-05
 -7.8459256e-05
 -3.3805468e-06
  1.7942268e-04
  2.8911687e-05
 -1.1152998e-05
  6.4820377e-04
 -8.5457446e-05
 -4.7074278e-05
 -1.0033045e-05
 -2.4853018e-04
 -1.1149987e-04
 -2.8617431e-05
  1.5141988e-04
 -2.4505178e-05
  8.5021813e-05
 -3.8921688e-04
  1.3413922e-04
  8.2458500e-05
  2.2589202e-05
 -9.2712718e-05
 -5.9909762e-05
  1.3504538e-04
 -4.8790364e-05
  6.5580978e-05
  2.4009407e-05
  9.3279514e-06
 -5.1460844e-05
  2.3137627e-05
  6.5387154e-05
 -2.2108712e-04
 -1.2506495e-04
 -7.3390070e-06
 -3.2748537e-06
  1.0632178e-04
 -1.1012652e-04
  1.7001475e-04
  1.1957417e-04
  1.3089835e-05
 -5.5990881e-06
  3.6605798e-05
 -3.6761434e-05
 -3.1862516e-04
 -7.8792010e-07
 -4.3737185e-05
  7.4021723e-06
  6.2127634e-05
 -6.2538420e-05
 -1.0574990e-04
 -4.3111279e-05
 -7.6271353e-05
 -5.4019061e-04
 -7.1972499e-05
 -4.2206971e-06
 -7.8228288e-05
 -8.8437664e-05
 -2.5162470e-04
  3.8399994e-05
 -1.0802325e-04
 -3.3220123e-05
  1.0647000e-05
 -5.2297590e-05
 -6.5304499e-05
  4.0602295e-06
 -5.1836207e-05
 -3.9702541e-06
 -2.1762976e-06
  5.3928790e-05
 -5.5940829e-05
 -1.9997353e-06
  2.0838839e-04
 -6.9078997e-05
  4.1863156e-04
  3.3644885e-06
 -1.8732833e-06
  2.2090946e-01
 -1.6014543e-01
 -9.0984395e-05
 -4.1754425e-05
  4.5132376e-05
  8.9851546e-01
  4.0931836e-01
  5.8330882e-02
 -1.4085376e-01
 -4.3087124e-04
  1.1571930e-03
  1.7213239e-04
  1.4716119e-01
  1.7583090e-05
  8.3876334e-02
  1.2908728e-04
  5.2313856e-03
 -2.7886188e-02
  2.0891082e-02
  7.8929745e-02
 -1.3904204e-04
 -2.0754193e-03
  1.5435467e-02
  6.2315669e-02
  1.9770716e-03
 -4.0743195e-02
  1.2613331e-01
 -2.3520738e-03
  1.1862194e-02
  7.8455046e-02
  2.9285142e-01
 -1.8505058e-01
  5.2770317e-02
  1.3956657e-01
  2.5700813e-02
 -2.1632288e-02
 -2.7176291e-05
  8.0311149e-02
 -5.1946063e-05
  6.7084510e-04
  1.3895118e-02
  1.1912908e-01
 -9.2811715e-06
 -2.0366518e-01
 -1.6321314e-02
 -2.2790742e-03
 -1.2841222e-01
 -6.6965280e-05
  1.8750630e-04
 -1.3893059e-03
  5.0790695e-06
  5.1747537e-03
 -1.2440702e-03
 -9.8031484e-02
  6.0301831e-05
  4.3782675e-06
  5.7788326e-05
  1.9904721e-05
  6.7787936e-05
 -1.4338006e-05
 -4.2618947e-05
  3.7261066e-06
 -1.2960773e-05
  3.6061661e-05
 -1.7156260e-04
 -1.4923821e-04
 -1.5650266e-04
 -3.0159776e-05
 -8.6546832e-05
  1.3587187e-04
  4.3959557e-05
  6.5139546e-05
 -6.2967090e-05
 -1.2693983e-05
 -4.3526528e-05
 -1.6691418e-05
 -1.1065033e-05
 -9.3877701e-05
  9.2067588e-05
  1.5317361e-04
 -2.5133105e-04
  7.9702026e-05
  9.4509283e-05
 -8.2323357e-05
  6.4256283e-06
 -1.1335849e-04
  6.9748014e-05
 -8.5121508e-07
  4.3211098e-06
 -4.1980195e-05
 -1.0119255e-06
  1.2714908e-04
  4.4291810e-06
 -2.9176168e-05
  4.7071408e-06
  5.4090520e-05
 -1.3274065e-04
  1.9614852e-04
 -3.4735731e-05
  9.9055260e-06
 -8.0383099e-05
  5.0417995e-05
 -3.5496982e-04
 -7.6386386e-05
  9.1402857e-05
  4.1808362e-05
  3.7839072e-05
 -5.7025863e-06
  1.9380317e-05
  1.5485230e-05
  8.1536118e-06
 -1.3961391e-06
 -1.7363290e-04
 -1.9678120e-05
  6.8915964e-05
 -2.3331112e-04
 -3.9995128e-05
 -6.3708358e-05
 -1.5612011e-05
 -5.8257592e-05
 -2.7887630e-05
 -1.1962924e-05
 -1.5581991e-04
 -1.4186466e-04
  2.0979007e-05
 -2.2229267e-06
 -1.6257814e-04
 -2.2612043e-05
  3.4763464e-01
 -2.4605702e-04
  1.0689609e-04
  7.5565455e-05
 -6.2208281e-05
 -3.0914194e-05
  3.0212941e-05
  4.5697455e-04
  3.7838882e-04
 -1.3403848e-04
 -8.8901079e-06
  1.1725969e-04
 -1.2180959e-01
 -7.7605640e-05
 -4.5524739e-05
 -1.0124846e-04
 -7.7977656e-06
 -1.3526474e-04
  3.6531157e-05
  1.9246679e-06
 -8.1588551e-05
 -3.3202195e-06
  5.5300238e-06
 -2.0990889e-04
  1.3665654e-06
  2.6109863e-05
  6.5082124e-05
 -4.3024829e-05
 -1.7246706e-05
  1.5750444e-05
 -1.7855102e-05
  2.9318011e-04
  7.2646881e-06
  2.7183272e-05
  1.5860556e-05
 -7.0273723e-05
 -6.3514325e-04
 -2.7888098e-05
 -7.5556760e-05
  2.9428720e-05
 -2.3714403e-05
  1.3217589e-06
  1.3348507e-04
 -9.4663657e-05
 -1.0186048e-05
 -8.8088185e-05
 -1.0554442e-04
 -1.1303297e-05
  1.7312223e-05
  1.0774323e-04
 -1.2358141e-04
  1.2783139e-05
  4.3400742e-05
 -3.8133076e-05
  3.8446437e-05
 -6.7697088e-06
 -7.7152028e-05
 -1.1149656e-04
  6.5163025e-05
  9.8178883e-05
  9.5924544e-05
 -1.5293810e-04
 -4.5117959e-05
  3.3297352e-04
 -1.3168454e-04
  4.5172666e-05
  3.7956881e-05
  4.8677932e-05
  1.0275582e-05
 -5.3846954e-05
 -6.0670307e-05
  1.4839527e-04
 -3.5677298e-05
  2.7447717e-05
 -8.5113366e-05
  1.0298359e-04
 -5.0374572e-05
  5.5825843e-05
 -2.2679161e-04
  5.7934918e-05
 -7.2161405e-05
 -2.3535360e-05
 -8.4386818e-05
  7.6505901e-05
  1.4998850e-04
  1.6047523e-04
  3.8089838e-05
 -9.0723654e-05
 -5.7387096e-01
  6.0159934e-01
 -3.0257291e-01
 -1.9363443e-04
 -6.7932969e-01
 -9.3007565e-01
 -6.8179470e-01
 -2.4091648e-01
  2.6236424e-01
  1.7592490e-01
  5.3031600e-01
  3.2988747e-04
  3.6879259e-03
 -2.2448493e-04
 -5.1552511e-04
 -8.0057327e-03
  1.8830410e-01
  1.7906234e-02
  1.7007561e-01
 -7.6515804e-05
  6.5719801e-01
 -1.3674793e-04
  5.8809280e-01
  3.5960278e-03
  1.4609474e+00
  5.9503568e-03
  1.7577915e-02
  2.3570903e-02
 -1.3893753e-01
  1.0675142e-04
 -1.3160343e-04
  1.6014718e-01
 -2.1137948e-01
  1.7777567e-01
  1.2668041e+00
 -2.4549525e+00
  8.4197611e-02
 -2.4801621e-04
 -1.6255536e-04
 -1.3254791e-04
  1.3743722e-05
 -1.8825041e-05
 -1.6889487e-04
  3.6129040e-05
 -5.1944675e-03
 -4.8362285e-02
 -1.1141650e-01
  1.5907357e-05
  1.8079191e-01
  2.7534389e-01
 -1.2583871e-04
 -1.1627907e-01
  1.4461737e-04
 -8.4178850e-05
 -1.8634835e-05
 -1.0595518e-04
  1.5527896e-04
 -2.4362195e-04
  2.4920661e-04
 -4.5029599e-05
  9.6775493e-06
 -9.5584088e-05
 -4.8045498e-05
 -2.4373347e-05
 -4.5661174e-05
  8.2712177e-06
  2.3687878e-04
  1.5389259e-04
  3.0205952e-06
  1.6907839e-05
 -1.5465861e-04
 -4.6272133e-05
  4.8149461e-03
  7.3613184e-05
 -1.5275553e-04
 -1.6099415e-05
  9.4215568e-05
 -6.0077280e-05
  5.6996741e-05
  8.0213604e-06
 -9.5009491e-05
  5.3392094e-05
 -4.6807378e-05
  1.4397792e-04
  1.4771186e-04
 -2.4642118e-06
  2.4315850e-05
  1.0782696e-04
 -2.6785263e-05
  4.0175197e-05
 -8.7651970e-05
 -5.1157604e-05
  7.9557694e-06
  1.8438899e-04
  7.4268069e-06
 -5.6967940e-05
  1.7557245e-04
 -6.8065296e-05
 -2.4643177e-05
 -2.9272716e-05
  9.5719610e-05
 -8.0795617e-05
 -1.6733406e-04
  1.5666921e-05
 -3.9420800e-05
  8.3666127e-06
 -8.3655570e-05
  8.4382526e-05
  1.8203413e-02
  1.0061390e-01
  2.4838153e-05
 -1.3137108e-04
 -1.6210483e-04
 -6.7627013e-02
 -8.6553730e-02
  1.9082248e-04
  8.2135556e-04
  6.5325666e-04
 -5.3312792e-04
  3.3710341e-05
 -1.5425408e-03
 -4.7794525e-05
  1.4214078e-04
  1.3299969e-04
 -4.3055965e-03
  1.1471075e-04
 -5.1218760e-04
  1.4001041e-04
 -6.3913853e-05
  1.0866103e-04
 -7.5869233e-04
 -6.3609451e-02
  1.9601748e-04
  7.0857001e-03
  2.9641314e-04
  4.3066251e-03
 -1.7520699e-04
 -3.3572147e-04
 -9.9813333e-03
  1.6401470e-01
 -4.1207029e-03
  1.8845351e-02
  2.6458263e-02
  2.2295304e-05
  5.0178423e-05
 -1.3272617e-03
  2.3240997e-05
 -1.3476414e-04
 -4.4822697e-05
 -3.7562361e-03
 -5.8249843e-06
  1.7829257e-03
 -1.2876883e-05
 -1.6413300e-04
 -5.3357251e-04
  6.7817964e-05
  2.3694029e-04
  1.9175173e-05
  1.5221268e-05
  1.7541008e-05
  1.1015664e-04
  5.0258008e-04
 -3.6209054e-05
  2.0415074e-04
  1.1707913e-04
 -6.6924076e-06
  2.5255381e-06
 -4.5940410e-06
  4.5169513e-06
 -5.0691673e-05
 -2.8129674e-05
 -1.6864897e-05
 -9.9517078e-05
  3.2999621e-06
 -6.1636703e-05
 -1.3102400e-05
 -3.9932387e-05
 -1.6985594e-05
  4.9047092e-05
 -5.3178046e-05
 -1.0108241e-04
  6.8528359e-05
  3.4541732e-05
 -3.0427586e-04
 -1.2256378e-04
  1.6869573e-04
 -2.1787548e-05
 -4.2752825e-05
  8.6696724e-05
  4.4724446e-05
  4.3019423e-05
  3.9204388e-05
  3.1661195e-05
 -4.4248685e-05
  7.0687507e-05
 -6.1728315e-06
  8.8467445e-05
  5.6219822e-05
 -3.0396918e-06
  1.2568077e-04
  2.3653638e-05
 -6.2702984e-06
 -1.3467255e-06
  5.6338882e-07
  7.9463261e-06
 -2.8069086e-05
  5.8728285e-05
 -2.4181820e-04
  3.2274045e-05
  2.6008340e-05
 -2.9728180e-05
 -5.6627297e-01
 -5.4934633e-05
 -2.3867188e-04
  2.3120261e-05
  1.0122299e-04
  6.3854939e-01
 -1.1242406e+00
 -1.9551861e-01
  9.9724913e-01
  3.1956565e-01
  3.2995441e+00
  1.2944945e+00
  3.2747650e-01
  2.3710711e-01
 -3.1208944e-01
  5.8890019e-02
 -7.5961150e-05
  3.7818772e-01
 -5.1085703e-05
 -6.3987784e-05
 -1.6942400e+00
 -7.0313758e-01
 -1.5160234e+00
  2.7985317e-03
 -3.8969950e-03
 -1.4077351e-04
  4.8391350e-02
  2.9909560e-01
  2.3176324e-05
 -6.3233763e-01
  5.1163398e-02
  1.5286620e-01
 -1.9855744e-03
  1.7300449e-01
  3.1900904e-04
  3.7442250e-03
  3.6594679e-04
 -5.4909640e-05
  9.2625666e-01
  4.9987301e-01
  8.1583118e-01
 -2.3104906e-01
  2.0349931e-03
  7.3667470e-06
  1.2172377e-04
  1.0047857e-01
 -1.4942235e-05
 -1.9809639e-03
 -3.7505195e-01
 -2.5792928e-05
 -2.9145843e-01
 -1.2896813e-01
 -2.4195073e-05
  4.6256243e-04
  2.0908787e-04
 -1.6027960e-05
 -3.2869157e-01
 -6.3247398e-02
 -4.3817729e-01
  1.9995288e-05
  3.0207564e-04
  7.1068076e-05
 -2.5771184e-05
 -2.8758761e-05
  1.7981138e-05
  1.4914788e-04
  4.6331788e-06
  7.1732735e-05
 -1.1983913e-04
  5.6534114e-05
  4.3138148e-06
 -7.7921031e-05
  4.3393040e-05
 -1.6410610e-04
  9.7803415e-05
  1.5054124e-04
  1.1051416e-04
  2.8822404e-05
 -5.8941401e-05
 -3.6574071e-05
 -4.8342979e-05
  6.0469389e-05
  1.5264370e-04
 -3.5489666e-05
 -9.9354838e-05
  1.4619730e-04
 -3.9393424e-05
 -4.3291966e-05
  8.1241596e-05
  1.2715241e-04
  4.7033645e-06
  7.4347146e-05
  5.0608987e-06
  4.1032235e-05
  1.2559182e-04
  4.0285064e-05
 -3.4388253e-05
  2.9619754e-04
 -1.0664461e-05
 -8.3952254e-05
  3.8928207e-05
 -6.2654450e-05
  1.1857935e-04
  1.8561459e-05
  3.8798640e-05
 -1.0489851e-04
  7.2629577e-05
  8.6857501e-05
  9.0399080e-06
 -3.0243988e-04
  3.7101869e-05
 -2.1961794e-05
  9.0390655e-05
  5.9134716e-01
  1.9887642e+00
 -1.3896722e+00
  6.9228477e-06
  4.0358752e-01
 -2.4211094e-01
 -1.3911173e+00
  3.5264459e-01
  7.9998887e-01
  2.3784266e-01
  3.1138606e-02
  8.3509153e-01
 -8.3513074e-02
  4.5277596e-01
 -2.9200864e-01
  7.9559457e-01
 -7.9526639e-01
  2.6752889e+00
 -8.7170482e-02
  1.0775979e+00
 -4.8365644e-01
 -5.7861674e-01
  6.4896688e-02
 -2.7906263e-01
 -6.6667593e-01
 -7.4847773e-02
 -4.7145667e-03
 -3.7973875e-01
  2.7299890e-01
 -3.7196684e-01
 -1.1035907e+00
  1.1032885e+00
 -7.4892712e-01
  6.0958993e-01
  1.7090634e-01
  2.5563261e-01
  8.7272217e-03
 -5.6556970e-01
  7.5797591e-04
 -7.9158105e-02
 -2.2848891e-01
 -2.9963003e-02
 -1.0119818e+00
  1.4882511e+00
 -6.9762117e-01
  4.6132684e-01
  6.6214316e-02
  2.5373654e-04
 -2.7743567e-04
 -1.4738128e-01
  1.7169275e-04
 -1.9814779e-01
 -1.3333476e-01
  7.4072629e-01
 -1.5767707e-01
 -1.4043293e-02
  6.0555849e-02
 -2.9800978e-01
  3.3735660e-01
 -3.7611866e-01
 -2.9564103e-01
 -1.6395314e+00
  1.9195554e+00
 -3.3950350e-01
 -6.7400016e-02
  6.4159334e-02
 -1.4321739e-04
  3.8469121e-02
 -4.6103504e-03
 -2.0830128e+00
  1.7448828e+00
 -3.5600269e+00
 -5.1908195e-02
  2.0836952e-01
  7.9578633e-05
  1.7567348e-01
 -3.1660143e-01
 -5.6066930e-01
  5.1302430e-03
 -3.2440177e-01
 -7.2264515e-02
 -7.4044554e-05
  2.8789788e-01
 -4.8111242e-01
  3.5506344e-01
 -7.3435873e-01
 -4.0467297e-05
  3.0576447e-01
 -1.0251124e+00
  7.3262256e-01
 -6.5227729e-01
  1.0582206e-03
  8.0404185e-05
  5.4231739e-05
 -3.8451282e-05
 -8.9705235e-04
 -2.5452685e-01
 -1.1982538e-01
  4.6308628e-01
 -4.1546535e-01
  4.8677573e-01
  5.0921464e-01
 -1.3404604e-04
 -2.7605447e-01
  4.1476428e-06
 -1.8714158e-01
  1.6317207e-02
 -3.2874423e-01
 -1.0823264e-05
 -1.2504853e-05
 -1.5085941e-04
  1.1944225e-05
 -4.0121769e-05
  1.9784933e-05
 -5.3137119e-06
 -1.2026514e-04
  1.0015980e-04
  7.9745179e-05
  1.8014657e-04
 -9.4800394e-05
  4.4883651e-05
  1.7880897e-05
 -4.4678553e-05
 -5.3331743e-05
  2.8055275e-04
  7.7992096e-05
  2.6832306e-05
 -1.2395772e-05
  3.6285226e-05
  2.2749180e-05
  7.4555810e-06
  1.9353114e-05
 -1.1557906e-05
 -1.1985107e-05
  2.8249283e-06
  1.3623746e-04
  8.1809456e-05
  1.7440594e-05
 -7.3361116e-05
  2.4024012e-04
 -1.4112698e-04
 -2.4232666e-05
 -1.3481149e-04
 -6.0464808e-04
 -5.2244181e-05
 -5.2699281e-05
  2.1971411e-04
  5.8003836e-05
 -5.7964146e-05
 -7.6070763e-05
  3.2511984e-05
 -7.9031401e-05
  1.2807395e-05
  6.8461159e-05
 -4.8137827e-05
 -9.2942337e-06
  2.5727250e-06
 -7.2263894e-05
  2.3901700e-06
 -2.1694911e-04
 -1.0482171e-04
 -3.3097636e-05
 -6.4064130e-05
  7.3617557e-05
 -9.2726668e-06
  7.0029993e-05
 -9.6882313e-06
 -1.5422975e-05
  1.1670064e-05
  3.1858283e-06
 -1.7362314e-05
 -1.2912556e-05
 -1.1346417e-05
 -7.9849997e-06
  3.9648556e-04
  8.7533350e-05
  6.8873078e-06
  2.3840174e-05
  2.1124597e-05
  1.7599452e-05
 -3.2839968e-04
  2.4059250e-04
  1.9219440e-05
 -1.2756555e-04
 -1.5414073e-04
 -4.8823393e-05
 -2.4223105e-05
  9.5190417e-06
 -1.2107140e-05
  1.1317729e-04
  3.3712145e-03
  1.3738319e-04
  1.1087958e-04
 -8.3255713e-05
  1.4971945e-06
  6.5567801e-05
  7.3196998e-06
 -8.4136183e-05
  4.7563892e-05
  1.7261972e-04
 -2.9673836e-05
  3.1487158e-04
 -2.1984772e-05
 -1.8490714e-04
  4.7303940e-05
  1.7451992e-05
 -2.1658015e-07
 -2.9922188e-05
  2.7391930e-05
  5.1338898e-06
  1.0353114e-04
 -3.8206880e-04
  6.0383894e-04
  6.0199113e-06
  9.9207246e-05
 -3.3213801e-05
 -2.8966305e-01
  1.2577379e+00
 -4.8492455e-01
 -1.9120681e-04
  3.9650995e-01
 -4.5997616e-02
 -4.7419548e-02
 -4.2743349e-01
  8.2607943e-01
  7.6020546e-02
 -7.4146204e-02
  2.0960779e-05
 -2.6231143e-01
  1.9562428e-01
 -2.4755099e-01
 -5.6684539e-03
 -1.3773093e-01
  5.2871948e-01
  5.9404689e-01
 -4.6154863e-01
 -7.7092314e-05
 -9.2601024e-02
 -7.3366122e-05
 -9.5305592e-03
 -2.0741838e-01
  2.6066983e-01
  1.7310326e-01
  3.7638191e-02
 -6.3866563e-02
 -1.8883786e-01
 -7.6940006e-01
  6.2891722e-02
 -2.9791625e-02
 -1.8663196e-01
  1.5859599e-01
 -7.5316384e-02
 -1.4388664e-02
 -4.9415433e-01
  1.6075636e-04
 -2.4960615e-01
 -4.9345940e-02
 -4.9085000e-01
 -2.6411036e-02
  2.4012960e-01
  7.2473496e-02
 -3.2067710e-01
 -4.2680488e-04
  8.1100864e-03
  6.7537054e-02
  2.3574011e-01
 -2.0856305e-05
  1.4640369e-01
  3.2029480e-01
  2.1331477e-01
  3.9938493e-03
  1.0746865e-01
 -8.4648846e-06
  1.2311245e-04
 -3.6389647e-05
  4.2050865e-01
 -2.3609528e-02
  1.4248873e-01
 -2.7727071e-06
  5.3783484e-02
 -1.4536544e-05
 -1.2768063e-04
 -1.0600046e-06
 -1.7528525e-04
  7.8092735e-06
 -9.8947086e-05
 -6.4291111e-05
  1.6372962e-05
 -1.4798492e-01
 -2.7456978e-01
 -4.1417967e-05
 -2.8922290e-02
 -9.7193159e-02
 -6.6855901e-05
 -2.1747549e-01
  3.0851919e-02
 -3.0330750e-06
 -4.0188420e-06
  1.9385795e-04
  5.5643309e-06
 -3.6631707e-05
  4.2205577e-04
  9.2240451e-05
  3.5092840e-01
  1.0104747e-05
  3.0490467e-01
 -1.2206108e-05
 -2.8141960e-05
 -2.3858457e-04
 -3.0123963e-04
 -4.8021244e-05
  4.9513877e-05
 -1.5027961e-04
  2.1371055e-02
  4.4042632e-04
 -2.8756799e-03
  8.5377753e-05
  1.1144177e-04
  6.9596193e-05
  7.4923348e-01
 -4.4721746e-05
  1.7474500e-02
 -1.3683187e-05
 -4.6105957e-05
  1.9369044e+00
 -9.0876961e-01
 -3.8272229e-01
  4.8691809e-01
 -1.3153780e-01
  2.1308615e+00
 -1.6645932e+00
  2.0295606e+00
 -2.5766823e+00
  7.6928554e-05
 -7.5858462e-01
 -9.8593846e-05
 -5.7800284e-05
  6.0912657e-01
 -1.7492393e-04
  1.2833923e-01
 -1.4732538e+00
  9.9989623e-01
  1.5544295e-01
 -1.7827649e-02
  2.3891354e-01
  1.8956307e-03
 -2.1503094e-01
 -1.2115094e-06
 -3.5349748e-01
  2.1446656e-02
  9.9887244e-02
 -9.0725563e-02
  1.6038295e-02
  1.3962358e-01
 -6.5064174e-05
 -3.0788097e-01
 -4.0195686e-05
 -4.2363871e-02
 -1.1285222e-01
  1.0755550e+00
  2.9677589e-05
  1.0492850e-01
 -6.9535527e-05
  2.4475058e-04
  2.0855055e-05
 -1.3124361e-05
  2.3117262e-01
 -6.6629313e-05
  2.8675953e-03
  9.8081643e-04
 -4.1177406e-04
  5.0694984e-05
  1.6101282e-04
  2.7263537e-01
  6.7631445e-05
  2.8125494e-04
  5.9307837e-01
  3.0367821e-01
 -2.2703081e-01
  9.4215342e-05
  5.4999982e-04
  1.0077405e+00
 -2.9744246e-05
 -6.8390036e-05
 -2.7428122e+00
 -1.7006097e-03
 -7.1002098e-05
  1.4176334e-01
 -1.4495527e-05
 -3.5458775e+00
 -1.5550108e-04
 -4.8505157e-05
 -1.0286474e-01
 -3.1469715e-01
  1.1233157e+00
  1.3272480e-04
 -2.7299027e+00
 -1.3601147e-04
  6.9767898e-01
 -4.5743575e-03
 -3.5630619e-05
  1.6696798e-05
 -3.9416462e-01
  1.6188644e-01
 -1.7519643e+00
 -2.1252017e-05
 -8.3943820e-03
 -8.5519440e-02
  2.8859484e+00
  1.9955129e-05
 -9.6665008e-06
 -6.4568698e-02
 -4.8592992e-05
 -3.4020655e-04
  1.0107476e-04
 -2.2781934e-01
  2.7371811e-06
 -1.3248742e-04
 -8.0314603e-05
 -2.4750993e-01
 -4.7185276e-05
 -1.6280990e+00
 -7.5986987e-01
  1.1516664e-04
 -1.2976174e-05
 -8.6063838e-01
 -1.4240312e-05
  5.9504259e-01
  8.8879979e-01
  1.3743336e-01
 -2.4692327e-01
 -2.2769357e-01
 -1.1368229e-02
 -2.5322467e-01
  7.4060625e-01
 -1.4442714e-01
  1.0089745e-05
  2.7217051e-01
  1.3717610e-06
 -1.0225803e-01
  8.8359684e-02
 -2.3029114e-01
 -8.2537037e-01
 -7.0529556e-01
 -4.9708608e-01
  5.3964004e-02
  1.7306769e-01
  1.4113152e-01
 -2.0529848e-01
 -3.2553089e-01
 -3.4520996e-05
 -4.4975051e-05
  2.2574659e-01
 -4.2614532e-01
 -3.8146657e-01
 -2.1187162e-01
 -3.6251900e-01
  1.8906112e-01
 -1.6727744e+00
  1.5664427e-02
  1.7329225e-04
  4.4511276e-01
 -7.1610084e-05
 -2.8609043e-06
  1.2561171e-04
  3.0700216e-01
  1.0170578e-04
 -3.2069856e-01
 -2.1314363e-03
  1.6318731e-01
 -4.3273354e-05
 -4.3089917e-01
 -1.2664322e+00
  3.4832638e-03
  5.7397569e-06
 -6.4555943e-01
 -1.3222490e-01
  9.2139119e-01
  6.2678566e+00
 -1.7331382e+00
  8.7205100e-01
 -5.0892954e+00
 -8.4057921e-01
 -4.6944169e-05
  2.9632551e-05
 -4.0730018e-05
 -1.0055061e-04
  1.7895381e-01
  2.9576478e+00
  3.3896992e-01
  4.0188611e-01
  6.6667175e-01
 -1.2200675e+00
  9.7014263e-02
 -1.8255159e+00
  1.1455150e-04
  7.1832532e-01
 -4.1409907e-01
 -1.2906501e+00
  9.1216423e-02
  2.6298088e-01
  5.7744718e-01
  3.8917181e-01
  2.1737061e+00
  5.2329129e-01
 -1.5987203e-01
 -7.2103190e-01
 -8.9174151e-02
 -1.4798288e-01
  4.5884651e-01
 -1.2247890e+00
 -1.0891492e-04
  2.1317733e-02
 -2.6512831e-02
 -1.4948368e+00
  8.3816618e-01
  7.8225099e-02
  2.7740100e-01
 -5.1602066e-02
 -7.8983374e-02
  8.3350271e-01
 -1.8374738e+00
 -2.1696825e+00
  2.9276304e-03
  9.1588527e-02
 -5.8175739e-02
 -9.8481631e-01
 -1.5847385e-01
 -1.2015207e+00
 -5.2923996e-02
 -1.8793440e-01
  6.2916711e-02
  2.3588283e+00
 -1.6628348e+00
 -1.4208367e+00
 -1.3180596e-05
  8.4205152e-05
 -9.9712197e-05
 -1.8490353e-01
 -4.9965411e-01
  3.4970286e-01
 -1.2477624e+00
  1.9666718e-01
  1.1714185e+00
  1.1889203e+00
  4.8706371e-01
 -2.9519494e+00
 -1.7734271e-04
 -1.5001849e-02
 -6.7714602e-01
  1.0621448e-01
 -2.9822529e-04
 -7.8463238e-01
 -4.6197468e-01
 -7.4389172e-01
 -1.6094878e-03
  6.5549886e-01
 -2.5071621e+00
 -1.2009025e+00
 -3.8213870e-01
 -8.4381837e-01
  2.8318746e+00
 -1.6448493e+00
 -1.6849285e-02
  2.0488665e+00
  1.3947765e+00
 -4.0011594e-01
 -3.5131669e-01
 -6.7780066e-01
 -1.2151811e+00
 -1.8369811e+00
 -2.0897191e+00
 -1.7208123e+00
 -1.0922074e+00
 -7.7885407e-01
 -1.9818862e-01
 -1.3688251e+00
  2.0518410e+00
 -2.2519610e+00
  1.6722935e-01
 -1.1822176e+00
 -1.6620071e-01
  1.0390799e+00
  2.8480899e-01
 -1.5988901e+00
 -7.0315552e-01
  6.9723892e-01
  1.5005322e-04
 -2.2662165e-02
 -1.5221288e-05
  1.4402957e-04
 -4.1059151e-01
 -9.8470354e-01
  1.0950612e+00
 -1.4864362e-05
 -1.1600676e+00
 -6.1144684e-03
 -1.4175940e-01
  1.3152403e+00
  3.5046268e-01
 -3.3559981e-01
  4.6687657e-01
 -5.9825909e-01
 -1.0292854e+00
  5.5803454e-01
 -3.0193365e-01
  2.9739335e+00
  3.5121796e-01
 -2.1387029e-01
  1.0042009e-01
 -5.6392550e-01
  6.2303710e-01
 -2.3390714e-02
  1.5608149e+00
 -4.9978191e-01
 -3.6059644e+00
 -4.0972461e-03
  6.3459106e-02
  9.2385314e-02
 -2.3935907e-01
  1.9428465e+00
 -1.3115958e-06
  3.6734701e-03
 -9.8461258e-01
 -8.7829202e-01
 -8.6112517e-01
  1.3765405e+00
 -4.9811831e-01
 -8.1810522e-01
  1.1065321e+00
  2.7368730e-01
 -2.3391740e+00
 -1.5301660e-01
 -8.4576592e-02
  2.7564776e-01
 -9.7622781e-04
 -1.8652246e+00
  1.3051525e+00
  2.0234375e-01
  1.2954117e+00
  2.4974322e+00
 -3.1528270e-05
 -6.7097237e-05
 -2.8322327e-01
  1.0018380e+00
  4.7480872e-01
 -5.6219837e-03
  1.4433371e+00
  1.4805274e+00
  2.2864695e+00
 -1.4507273e-01
  3.4659205e-04
 -2.2506962e+00
  7.7084487e-06
 -4.6356243e-01
 -8.5865629e-01
 -1.8367679e-01
  1.1768261e+00
  7.5750595e-01
  4.3451409e+00
  1.2707632e+00
 -4.9197796e-01
  8.4642839e-01
  9.0788852e-04
 -1.4276786e+00
  1.4268264e+00
 -2.3226175e-01
  7.7441943e-01
  3.0119932e+00
 -4.9249455e-01
 -1.5435551e-03
  9.2953444e-01
  1.8626480e+00
  1.8013202e+00
 -1.2808894e+00
 -4.3659070e-01
  4.1870909e+00
 -4.8829755e-01
 -1.3527328e+00
 -1.3877120e+00
  9.3153697e-01
  9.0931058e-02
 -2.5193937e+00
  1.6198314e+00
  1.8613973e+00
  6.8885237e-01
 -1.2582945e+00
  3.2245851e-01
 -8.2882690e-01
 -2.6643512e+00
 -9.4265270e-01
  7.3212618e-04
  6.8575077e-02
 -2.4214362e-04
  6.3793818e-06
 -1.9059055e-02
  5.5452377e-01
 -4.4588894e-01
 -2.8823906e-01
 -9.4229616e-02
 -5.3670006e+00
 -8.4224558e-03
 -4.6036628e-01
 -1.8420788e-04
  2.2179843e-01
  7.9020488e-01
  4.7504130e-01
 -1.2830945e+00
 -1.0581933e+00
 -2.4873914e-05
 -2.1334751e+00
  8.8768281e-02
  3.2410735e-01
 -1.2037285e-01
  1.5894084e+00
 -7.3072767e-01
  3.3282987e-03
  2.6516681e+00
  1.4929791e-01
  1.5098048e+00
  3.2674782e-02
 -1.1176480e+00
  2.3903327e+00
 -8.0627888e-01
 -2.1071133e-01
  6.8634307e-01
  3.9600625e+00
 -1.2471738e-01
  1.5885619e-02
 -3.2665253e+00
 -5.6036645e-01
 -2.7026987e-01
  9.0222728e-01
 -1.1316214e+00
  3.5671860e-02
 -3.3129501e-01
 -1.5840386e-01
  2.6986042e-01
 -2.1920416e+00
 -1.9689824e-02
  1.1922412e+00
 -2.0652900e+00
 -2.4083385e-01
 -1.5677620e-03
 -1.9643349e-03
 -5.3162083e-05
 -7.0796930e-05
  9.3011670e-02
 -9.3018782e-01
  7.7055377e-01
 -1.6215559e-05
 -3.6197193e+00
  1.4494390e+00
 -5.3374279e-01
  5.0729461e+00
 -1.8547346e-04
 -2.0206692e-02
 -4.4221506e-01
  2.2890189e-01
 -5.8754188e-01
  5.9918731e-01
 -3.8229028e-04
  6.2442770e-05
  1.5159463e+00
 -6.4637977e-01
 -1.3180176e+00
  1.5349977e+00
 -2.1244648e+00
 -1.1694210e+00
  1.2059186e+00
  1.6787209e-01
  1.9020040e+00
  1.7730800e+00
 -3.7876925e-01
  2.9167290e+00
 -1.1652992e-01
  5.5585578e-02
  7.2274971e-01
 -5.2256745e-01
  9.4377302e-02
 -7.7984637e-01
 -1.0754642e+00
  1.9722202e+00
  1.6202545e-01
  1.4603519e-01
 -9.6428353e-01
 -3.9687628e-01
 -1.3483900e+00
  1.7360651e+00
  1.4128309e+00
  1.4025774e+00
  1.2448419e+00
 -1.3981483e+00
  1.0846261e+00
  2.1542433e-01
  1.0254996e-04
 -9.2582107e-01
 -2.0000687e-01
  1.3609132e-04
 -3.1122947e-01
  6.5691245e-01
  1.0837903e+00
 -8.6251724e-01
  7.3269725e-01
 -4.8757511e-01
  4.6912056e-01
 -1.5520161e+00
 -9.3116361e-01
  1.5726577e+00
 -9.6631354e-01
 -1.2555969e-01
 -1.0656596e+00
  1.0000705e+00
  5.9735513e-01
 -3.2239468e+00
  6.2203449e-01
  5.5934027e-02
 -2.7238743e+00
  1.3454876e+00
 -2.6115552e-01
  1.9138157e+00
 -4.9694638e+00
 -7.0927846e-01
  3.5356614e-01
 -2.2679598e+00
 -1.1396444e+00
 -2.2368708e+00
 -7.1117252e-01
 -1.1179816e+00
  7.6266825e-02
 -2.5852025e+00
  1.2852751e+00
 -7.4929649e-01
 -3.4912207e-04
 -4.1084716e-01
 -8.6591041e-01
  1.3548672e+00
  8.0491239e-01
 -1.2927517e-01
  3.7375185e-01
 -6.6312706e-01
 -1.4727654e+00
 -4.4223225e-01
 -6.3355827e-01
 -5.6889325e-01
 -2.9947989e+00
 -1.7423432e+00
  7.2595387e-05
  5.4411465e-01
  6.0716760e-05
 -1.4586010e-02
 -9.2677087e-02
  2.1492971e-01
 -1.5133987e-02
 -1.0709975e-01
 -1.6876559e+00
 -1.9027109e-01
 -3.9974383e-01
 -1.0013770e+00
 -1.3938607e-01
 -9.9367958e-01
 -4.3008244e-01
  3.2398844e-01
 -1.1799679e+00
  2.2468643e+00
  3.7807369e-01
  2.0415818e-02
 -2.7511032e+00
 -1.0774105e+00
 -3.2421354e-02
  1.0626612e+00
 -4.1720036e-01
 -1.4182549e+00
  5.2881487e-02
 -6.2293035e-01
  2.0910850e+00
 -4.1301546e-01
  4.9777137e-04
 -1.8597741e+00
  6.2034649e-01
  6.6793603e-01
 -2.2035365e+00
 -2.1161911e-01
 -1.1384265e+00
 -1.4763503e+00
 -1.9049548e-02
 -1.1152080e-01
  1.2750149e+00
 -4.6250668e-01
 -5.0003600e-01
  7.5601387e-01
  1.5370004e+00
  1.1639901e+00
 -4.3781856e-01
 -9.0901756e-01
  1.2150614e+00
  6.1042148e-01
  2.7034330e+00
 -1.2167807e+00
  4.6069127e-02
  2.8226378e+00
  8.8372827e-02
  6.8338700e-02
 -5.6241393e-01
  9.2731196e-01
  1.6991740e-01
  1.2213020e+00
 -9.6690464e-01
  2.3909976e+00
  3.4242303e+00
 -7.1256411e-01
  2.3941519e+00
  7.5408197e-03
 -1.7798921e+00
  2.4221165e-01
 -8.0674976e-01
 -1.2587039e+00
  1.0124861e+00
  1.1543561e+00
  1.1572148e+00
 -1.9516877e+00
  1.1305183e+00
  6.0909275e-02
 -9.6768671e-01
 -3.9265189e-02
 -2.6226854e-01
 -6.7335892e-01
 -3.5615662e-01
  1.4737694e+00
 -2.2425452e-01
  1.0631431e+00
 -3.7124076e-01
 -1.5809416e+00
  3.2781589e-01
 -4.4190344e-01
  1.5838667e-03
 -3.5071662e-01
  1.0012264e-01
 -1.3406918e+00
 -7.5596005e-01
 -1.9383190e+00
  4.4070572e-01
 -2.4301854e-01
 -2.7665632e+00
  1.1085900e-01
  6.5604562e-01
  7.4922495e-02
 -1.5687068e+00
  3.2166216e-01
 -1.9284238e-01
  1.2897785e+00
  1.4806002e+00
  7.3188382e-01
 -1.1395558e-04
 -2.3605817e-04
 -1.1065049e+00
 -6.0622740e-01
  4.4699205e-05
  3.8154706e-01
  2.4808936e+00
 -1.1732213e-01
 -1.9534907e+00
  2.6367185e-01
 -3.3538926e-01
 -2.7811952e+00
  9.3701128e-03
  9.8333210e-02
  4.0908813e+00
 -6.9167382e-01
 -3.8532704e-01
  4.1702208e-01
 -3.6707354e+00
  6.5192282e-01
 -1.7148215e+00
  4.2773638e-02
 -5.7265764e-01
  9.3811953e-01
  1.6493884e-01
  1.1396353e+00
  2.7053409e+00
 -6.2289464e-01
  1.3232583e+00
  1.4757736e-02
  1.1331474e+00
  5.2172911e-01
 -2.2078984e+00
  4.2728662e-02
 -7.3030293e-01
  6.9926590e-01
  2.2458448e-01
  4.2054445e-02
  2.8813353e-01
  9.9251783e-01
 -4.4296789e-01
  4.9211371e-01
  1.8216258e+00
  7.6634467e-02
  1.7164354e+00
  2.3011342e-01
  2.6184846e-02
  3.0558792e-01
  5.7131302e-01
  9.8766106e-01
  5.4582350e-02
 -1.5114570e+00
  4.7182206e-05
  2.4499415e-05
 -6.8791193e-01
  2.9065648e-01
  7.3189068e-01
  9.6409088e-03
  3.5861092e+00
 -1.1684641e+00
  1.2743243e-03
  7.5689662e-01
 -2.9806278e+00
  3.6680967e-01
 -8.2777449e-05
  1.1866815e-05
  5.3476000e-01
 -2.1398561e+00
  1.2383246e+00
  1.9319992e+00
 -9.3756330e-01
 -4.4578719e-01
 -3.3843324e-01
 -1.7061060e-04
  4.6800169e-01
  3.3457369e-01
  3.5571703e-01
  2.5683981e-01
 -1.3972827e+00
  6.2255806e-01
  6.4957809e-01
  3.8642112e-02
  5.6663011e-03
 -4.3763753e-02
 -1.3407394e+00
  7.1944518e-04
  3.6479831e-01
  5.1278001e-01
  2.0713015e+00
  5.0526690e-01
 -3.3954269e-01
 -2.2478147e-01
  8.8439310e-01
  3.4978527e-01
  3.1696961e+00
 -1.1268736e-02
  9.3194437e-01
  5.2800131e-01
 -3.9704702e+00
  1.2862459e+00
 -1.5511223e+00
  3.5371691e-01
 -2.0769671e-04
 -2.3123895e-01
 -7.1920331e-05
  3.1272128e-05
  1.0861672e+00
 -6.6841227e-01
 -3.8628334e-01
 -3.1188927e-05
 -1.2900133e-01
  1.0922116e+00
 -2.2223856e-01
  5.1643001e-04
 -9.5637910e-02
 -2.4535027e-01
 -1.4115365e-05
  7.1311857e-05
  2.6674843e-01
 -1.2411411e-01
 -9.4305855e-01
  2.9424503e-01
  1.0726337e+00
  1.7390717e+00
  3.3085981e-01
  1.0634054e-01
 -9.9341100e-01
 -1.5485088e+00
 -7.4946082e-01
 -4.4768822e-01
  4.4222112e+00
 -1.1049412e+00
  9.1119784e-01
  3.2861429e-01
  3.0092201e-01
  1.6324872e+00
  2.3081272e+00
 -7.0734882e-01
  1.3218850e+00
  1.2662054e+00
 -1.2018249e+00
  6.3596331e-02
 -6.3632362e-02
 -3.1889340e-01
 -2.0539428e-01
 -4.3394532e-02
 -1.1332350e+00
 -1.2159159e+00
 -9.8466116e-01
 -2.8724557e-01
  3.7591357e-02
  2.6587567e+00
 -1.9703543e-01
 -2.5912242e+00
  1.3361733e-04
  4.1381288e-01
  1.6591953e-03
 -4.9430369e-06
 -5.6031257e-01
  8.0001205e-02
 -2.1410435e-02
 -2.7587155e-01
  4.4430274e-01
  1.5701587e+00
  2.2103108e-01
 -9.5169950e-01
 -4.1091770e-01
  2.4054199e-01
  7.5722553e-02
 -9.9401486e-06
  7.1239215e-01
 -3.2585094e+00
 -1.5279900e+00
 -2.9935479e-01
 -1.7564577e-01
  2.9909015e-01
  5.9091085e-01
 -1.1493429e+00
  1.3938013e-01
  3.0962688e-01
  1.2807760e-01
 -4.0051696e-01
  2.6296551e-04
  9.2033750e-01
 -4.9847871e-01
 -1.7589615e-01
  6.7424208e-01
  2.4067023e+00
  1.4513093e+00
 -6.4224511e-01
 -2.2772765e-02
 -3.9311969e-01
  6.7578793e-01
 -2.2622316e-01
  4.6832245e-02
 -1.5929326e+00
 -8.2330048e-01
 -1.8013184e-01
  3.4797260e-01
 -2.3231225e+00
  2.5570354e-01
  2.4073961e-01
 -1.3066701e+00
  4.5934025e-02
 -2.1076770e+00
  7.2180879e-01
  1.8987023e-04
  2.0412538e+00
  2.1442548e-04
  4.2468432e-06
 -3.5186388e+00
 -2.6904891e+00
  2.1232736e-01
  2.4809185e-01
  5.0080534e-02
 -1.3846328e+00
 -5.7877734e-02
 -1.9164492e-01
 -6.8396312e-01
  9.4280785e-01
 -1.1888031e-04
  9.7726434e-01
 -1.3369508e+00
 -2.9639206e+00
 -5.6275034e-01
  2.9880095e+00
 -2.0339918e-01
 -4.0650275e-02
  1.7760082e+00
  1.8232642e-05
 -1.6671036e+00
  9.7585827e-01
 -1.0322574e+00
  2.7562544e-01
  8.7430400e-01
  8.3487129e-01
 -7.8994566e-01
 -8.0769098e-01
 -5.3256762e-01
  1.2012343e+00
  4.5883620e-01
  6.2924407e-02
  5.7884359e-01
  6.1709631e-02
 -2.8818510e+00
  3.9571463e-03
  1.6246864e+00
 -3.4269542e-02
 -1.6623423e-01
  4.7779995e-01
 -2.8980893e-01
 -1.2032588e+00
 -8.8418657e-01
 -6.2831491e-01
  3.6612320e-01
 -3.2497046e+00
 -8.2170391e-01
 -1.5980451e+00
 -4.3787299e-05
  7.3547917e-06
  8.1673759e-04
  1.2448239e-01
  1.8492002e-02
 -7.0582783e-01
  9.8427731e-01
  9.7894430e-01
 -4.9610966e-01
  3.6982113e-01
  1.8424881e+00
  3.1298847e-04
 -1.5406097e-01
 -2.7041999e-01
  1.2996863e-04
 -6.9250229e-05
 -2.0556064e+00
  2.5321517e+00
 -1.4171620e-01
  2.0527650e-02
 -2.1152065e+00
  4.8210055e-01
  4.0287396e-01
 -7.5807964e-04
 -4.2645222e-01
 -1.1427740e+00
  8.0746575e-04
  6.7272976e-02
 -7.3061697e-02
  5.3214830e-01
 -6.6064526e-03
  7.8945085e-03
 -5.1384163e-01
  1.4036808e+00
 -1.2060517e-01
 -1.0524200e+00
 -5.3582573e-01
  1.1424710e+00
  3.5934007e+00
  3.6878201e-01
  1.0468391e+00
  8.0492175e-01
 -4.9488270e-01
 -7.7186370e-01
 -2.3516645e+00
  4.3998885e-01
 -8.0967240e-02
 -1.3619269e-01
  2.3578508e+00
  2.5311348e-01
  2.4628904e+00
 -1.7334777e+00
 -5.9487105e-05
  3.1943557e-01
  3.1350443e-01
  8.9611851e-05
  1.9440442e+00
 -1.5162489e+00
  2.0804687e-01
  4.7437555e-01
  2.1332963e+00
  1.5176636e+00
  2.1534052e+00
 -5.0654337e-03
  6.5877318e-01
  2.8235021e-01
 -1.2766124e+00
 -7.9661474e-02
  5.3778893e-01
 -1.6445193e+00
  4.3940780e-01
  1.8772651e+00
 -5.6046695e-01
  3.1303084e-01
  1.2625444e+00
 -1.9000143e-02
  8.1594777e-01
 -9.5964104e-01
 -4.5296660e-01
 -3.4939866e+00
 -1.3856612e-01
 -1.0929685e+00
 -2.1728406e+00
 -3.3788686e+00
  3.3462241e-01
  1.2484180e+00
  8.0470383e-02
 -2.5505829e-01
 -1.6673065e+00
  8.2835901e-01
  2.2982373e+00
  1.5246811e+00
 -3.6992794e-01
  4.4018846e-02
  1.7536350e+00
  1.0550058e+00
  1.5036973e+00
 -1.1429181e+00
  1.0523763e-01
  2.3082588e-02
  9.1710335e-01
  1.7806870e+00
  9.2531115e-01
 -3.0358842e-01
 -5.6159155e-05
  1.5091524e+00
  5.1618773e-01
 -1.5684027e-04
  2.0479596e+00
  5.0180244e-01
  1.4802998e+00
 -4.2742934e-02
  2.9970854e-04
  4.2793873e-01
  1.3559937e+00
  1.2026772e+00
 -1.0289575e-01
  5.3500531e-05
  8.1267983e-01
 -1.5107825e-01
 -3.8509575e-01
 -6.0397649e-01
  7.5270468e-01
 -5.9070373e-01
 -2.8240052e-01
 -1.3722878e+00
  1.9362215e+00
 -9.1373884e-05
 -2.7995968e-01
 -3.6624744e+00
  2.0365040e+00
 -2.6444331e-01
  1.7418166e+00
 -5.0934285e-01
  8.2376599e-01
  1.9316419e+00
 -2.2004268e+00
  5.3860110e-01
  1.0430381e+00
  5.4488993e-01
 -1.0540227e+00
  1.4452676e+00
  9.7014997e-03
  9.8796701e-01
 -1.9764297e+00
  4.3647712e-01
 -1.2265669e-01
  1.2587014e+00
  3.9958692e+00
  7.1956384e-01
  1.2916765e-01
  9.4487554e-01
 -7.6241606e-01
 -1.3648945e+00
  7.9932988e-01
  6.5603262e-01
 -1.4081871e-04
 -4.6783875e-04
  1.8060428e+00
  1.1854352e-04
 -3.7812908e+00
  1.0281989e-01
  2.6986082e+00
  1.1997714e-01
 -1.0048605e-02
 -1.7821856e+00
  9.8966438e-01
  4.5619220e-02
 -3.4860176e-01
 -7.3908287e-01
 -8.5768539e-01
  1.7318805e-01
 -1.8665031e+00
 -6.8911350e-01
 -1.1244645e+00
  1.3013193e-04
 -2.0118029e-01
 -1.7959744e-04
  1.1351216e+00
  4.4544595e-01
  1.6861157e+00
  1.0623371e-01
 -1.8430354e-01
  6.2155175e-01
 -6.9226736e-01
  1.9807014e+00
  1.8259796e+00
  1.7877575e+00
 -5.7194245e-01
  3.5009604e+00
  1.3588729e+00
  1.4582644e+00
 -5.4369175e-01
  1.0537114e+00
  1.9027016e+00
  1.6815132e-01
 -9.1355801e-01
 -5.3364784e-01
  2.0235595e-01
 -3.3925179e-01
 -1.2092427e+00
 -3.7611929e-01
 -4.3053055e-01
 -1.2653425e-01
  3.2672923e-02
  3.2672923e-02
  3.2672923e-02
  3.2672923e-02
  3.2672923e-02
  3.2672923e-02
  3.2672923e-02
  3.2672923e-02
  3.2672923e-02
  8.4658153e-02
  8.4658153e-02
  8.4658153e-02
  8.4658153e-02
  8.4658153e-02
  8.4658153e-02
  8.4658153e-02
  8.4658153e-02
  8.4658153e-02
  2.2344843e-01
  2.2344843e-01
  2.2344843e-01
  2.2344843e-01
  2.2344843e-01
  2.2344843e-01
  2.2344843e-01
  2.2344843e-01
  2.2344843e-01
  5.9360135e-02
  5.9360135e-02
  5.9360135e-02
  5.9360135e-02
  5.9360135e-02
  5.9360135e-02
  5.9360135e-02
  5.9360135e-02
  5.9360135e-02
  1.5438296e-02
  1.5438296e-02
  1.5438296e-02
  1.5438296e-02
  1.5438296e-02
  1.5438296e-02
  1.5438296e-02
  1.5438296e-02
  1.5438296e-02
  3.0940881e-01
  3.0940881e-01
  3.0940881e-01
  3.0940881e-01
  3.0940881e-01
  3.0940881e-01
  3.0940881e-01
  3.0940881e-01
  3.0940881e-01
